id,businessid,email,name,address,pharmacode
3001,1653,miriam.gichuru2447@gmail.com,SAINARD PHARMACEUTICALS LIMITED (Nairobi),38 MUTHANGARI ROAD,PPB/S/9069
3002,1654,paul.owino@gmail.com,WEST CONGO PHARMACY LIMITED (Nairobi),KAMITI ROAD,PPB/C/9301
3003,1655,elishakiptoo@gmail.com,ABIJO PHARMACY- WANYEE (Nairobi),WANYEE ROAD,PPB/A/306
3004,1656,graceshikuku6874@gmail.com,ABM PHARMACY (NGARA STAGE) (Nairobi),00206-176,PPB/A/2029
3005,1657,reubenkamau4127@outlook.com,ABM PHARMACY LIMITED (Nairobi),MACHARIA ROAD,PPB/A/1921
3006,1658,danielochieng542@gmail.com,ABRAPHARMA PHARMACEUTICALS KASARANI (Nairobi),SANTON STREET,PPB/A/326
3007,1659,ruthcherono@gmail.com,ACCIPITRIDAE CHEMIST (Nairobi),KOMAROCK ROAD,PPB/A/1752
3008,1660,naomimochoge7845@gmail.com,ACCRA PHARMACY LTD - OPPOSITE MLK HOSP (Nairobi),SPINE RD,PPB/A/407
3009,1661,adammogaka8270@gmail.com,ACCRA PHARMACY LTD HAKATI (Nairobi),HAKATI ROAD,PPB/A/1970
3010,1662,elizabeth.gichuru@gmail.com,ACCRA-MED CHEMISTS LIMITED (Nairobi),ACCRA ROAD,PPB/A/1711
3011,1663,hannah.wanjiru2924@gmail.com,ACE CARE PHARMACEUTICALS  (Nairobi),NAIVASHA ROAD,PPB/A/1928
3012,1664,ethan.lusaka1994@gmail.com,ACESO PHARMACY WELLNESS PHARMACY KASARANI (Nairobi),MWIKI ROAD,PPB/A/2066
3013,1665,miriam@yahoo.com,ADONISI PHARMACEUTICALS (Nairobi),BREWERIES,PPB/A/1674
3014,1666,amos.chepkirui832@gmail.com,AFRILIFE CHEMIST LTD (BURUBURU) (Nairobi),MUMIAS,PPB/A/1907
3015,1667,apnair@yahoo.com,AFYACARE PHARMA (Nairobi),OUTERING ROAD,PPB/A/475
3016,1668,peter.musyoka@yahoo.com,"AGA KHAN HEALTH  SERVICES,KENYA-RUAI (Nairobi)",KANGUNDO,PPB/A/152 D
3017,1669,phoebe.kiptoo@gmail.com,"AGA KHAN HEALTH SERVICES,KENYA - HOMA BAY (Nairobi)",nan,PPB/A/507
3018,1670,pauline.lemayian926@gmail.com,AGAROSE PHARMACY (Nairobi),SPINE ROAD,PPB/A/1969
3019,1671,davidmurimi457@gmail.com,AGMART PHARMACEUTICALS-MUHOHO AVENUE (Nairobi),MUHOHO AVENUE,PPB/A/1763
3020,1672,diana.chengo383@gmail.com,AHWAN PHARMACEUTICALS LIMITED (Nairobi),3RD PARKLANDS AVENUE,PPB/A/1895
3021,1673,peterziro887@gmail.com,AHZAAB PHARMACY (Nairobi),MAJOR MURIITHI STREET,PPB/A/1829
3022,1674,david.mutua@gmail.com,AJWA PHARMACEUTICALS LIMITED (Nairobi),AGOI RD PANGANI,PPB/A/2079
3023,1675,dorcas.sigei972@gmail.com,AKIMA PHARMACY (Nairobi),KAMITI ROAD,PPB/A/1528
3024,1676,philip.kipsang7037@gmail.com,AL-AQSA DISPENSING CHEMIST (Nairobi),2ND AVENUE,PPB/A/238
3025,1677,jacksonchesire880@gmail.com,AL-HANAF PHARMACY (Nairobi),HOMBE RD,PPB/A/1938
3026,1678,alex.kibet994@gmail.com,AL-HARAMAIN PHARMACEUTICAL COMPANY LIMITED (Nairobi),7TH STREET,PPB/A/448
3027,1679,deborah.wanjiru@gmail.com,ALANE PHARMACY LTD (Nairobi),MUGO KIARIE PARKROAD,PPB/A/183
3028,1680,calebwanyama@gmail.com,ALIF MEDICAL SERVICES LIMITED (Nairobi),5TH STREET,PPB/A/1734
3029,1681,david.kilonzo@gmail.com,ALISON AGROCHEM CHEMISTS LIMITED (Nairobi),HUNTERS,PPB/A/1794
3030,1682,abdirahmanireri882@gmail.com,ALKEN PHARMACEUTICAL LTD (Nairobi),BAHATI ROAD,PPB/A/1612
3031,1683,alimmboga@gmail.com,ALKEN PHARMACEUTICAL LTD - B-CENTRE (Nairobi),MANYAJA ROAD,PPB/A/0524
3032,1684,susannahr@yahoo.com,ALKEN PHARMACEUTICALS LTD (Nairobi),HAMZA RD,PPB/A/417
3033,1685,isaac.koros298@gmail.com,ALKEN PHARMACEUTICALS-JOGOO RD (Nairobi),JOGOO RD,PPB/A/1963
3034,1686,daniel.keya129@gmail.com,ALLAMED PHARMACEUTICALS LIMITED (Nairobi),PIPELINE NEAR KENYA BUILDERS,PPB/A/309
3035,1687,ezekiel@gmail.com,ALLGREEN PHARMACEUTICALS (Nairobi),OFF MUTARAKWA ROAD,PPB/A/1869
3036,1688,susangure@gmail.com,ALLIUM PHARMACY (Nairobi),TENA ESTATE,PPB/A/1980
3037,1689,paul.ngei173@gmail.com,ALLOPHARM PHARMACY (Nairobi),BIMA ROAD,PPB/A/3092
3038,1690,priscilla.omari@gmail.com,ALLPHARM CHEMIST (Nairobi),GLADYS GIRLS HIGH SCHOOL,PPB/A/483
3039,1691,peternyakio@gmail.com,ALLYWOOD PHARMACY & DISPENSING CHEMIST (Nairobi),KANGUNDO ROAD,PPB/A/1912
3040,1692,josephmurungi@gmail.com,ALMIS PHARMACEUTICAL LIMITED (Nairobi),KIRONGOTHI STREET,PPB/A/2077
3041,1693,georgeanyango408@gmail.com,ALMOND PHARMACY KABIRIA (Nairobi),KABIRIA,PPB/A/2021
3042,1694,brian.gitahi573@gmail.com,ALPHADOSE PHARMACY (Nairobi),UMOJA THREE STREET,PPB/A/1890
3043,1695,adnair@yahoo.com,ALPHAMED DESPENSING CHEMIST (Nairobi),UTAWALA-GITHUNGURI RD,PPB/A/508
3044,1696,marynyakundi@gmail.com,ALPRECO DISPENSING CHEMIST (Nairobi),MOI DRIVE,PPB/A/1871
3045,1697,abigailodinga5862@gmail.com,ALTITUDE PHARMACY,NAIROBI KARATINA HIGHWAY,PPB/A/3077
3046,1698,ahnair@yahoo.com,ALUMIX HEALTHCARE LIMITED - (Nairobi),nan,PPB/A/1723
3047,1699,abigail.kariuki8998@yahoo.com,ALVODEV PHARMACEUTICALS LIMITED (Nairobi),MARKET ROAD,PPB/A/1971
3048,1700,samuel.kariuki@gmail.com,AMARANDA PHARMACY (Nairobi),CHURCH ROAD,PPB/A/1965
3049,1701,matthew.mwanzia2212@gmail.com,AMICARE CHEMISTS (Nairobi),SPINE ROAD,PPB/A/1742
3050,1702,james.njambi184@gmail.com,AMIST CHEMISTS LIMITED (Nairobi),OLE SHAPARA ROAD,PPB/A/1769
3051,1703,faithnakhumicha@gmail.com,ANDRON CHEMIST (Nairobi),KASARANI MWIKI ROAD,PPB/A/942
3052,1704,grace.lusaka@gmail.com,ANGELIC STAR PHARMACY (Nairobi),MOI DRIVE,PPB/A/2020
3053,1705,charles.chepkirui341@gmail.com,ANGRAC COMPANY LIMITED (Nairobi),KIAMBU ROAD,PPB/A/1877
3054,1706,michael.adhiambo108@gmail.com,ANISAH CHEMIST (Nairobi),OUTERING ROAD,PPB/A/1915
3055,1707,faithkoros@gmail.com,ANIVCARE HEALTH PHARMACY (Nairobi),MANYANJA STREET,PPB/A/2022
3056,1708,josephjepkirui@gmail.com,ANMARC CHEMIST (Nairobi),KIBIKU,PPB/A/2005
3057,1709,elishar@gmail.com,ANNOINTED PHARMACEUTICALS LTD-MUTHIGA STAGE (Nairobi),UHURU ROAD,PPB/A/1530
3058,1710,catherine.omweri422@gmail.com,ANTOCHEM PHARMACY (Nairobi),MOI DRIVE,PPB/A/254
3059,1711,brianmitei@gmail.com,ANTONIO MEMZCHEMIST (Nairobi),MUTUINI,PPB/A/1872
3060,1712,hannah.kisilu2824@gmail.com,APOCARE PHARMACY LIMITED (Nairobi),THIRD PARKLANDS AVENUE,PPB/A/1880
3061,1713,tabithakilonzo8798@outlook.com,APOLLO MEDICARE(K) LTD (Nairobi),MARKET ROAD,PPB/A/264
3062,1714,rosembuthia236@gmail.com,APOLO HEALTHCARE-NAIROBI (Nairobi),KIPKAPUS  ROAD,PPB/A/0368
3063,1715,joshuamochoge@gmail.com,APPLEGENE PHARMACY LTD (Nairobi),LANGATA RD,PPB/A/117
3064,1716,johnkarisa@gmail.com,APPLETON PHARMACEUTICALS LIMITED (Nairobi),MONROVIA STREET,PPB/A/1950
3065,1717,daniel.muli8340@gmail.com,ARABICA CHEMISTS-KASARANI (Nairobi),MATHARE NORTH ROAD,PPB/A/1799
3066,1718,janet.omollo301@gmail.com,ARABICA CHEMISTS-LUCKY SUMMER ROAD (Nairobi),LUCKY SUMMER ROAD,PPB/A/1643
3067,1719,abdirahman.mbuvi895@gmail.com,ARFAAT PHARMACY- EASTLEIGH (Nairobi),AL-HIDAYA AREA,PPB/A/205
3068,1720,amos.nanjala127@gmail.com,ARNICA PHARMACEUTICALS LTD (Nairobi),RIVERSIDE DRIVE,PPB/A/472
3069,1721,isaac.onyango9137@gmail.com,ARYA PHARMACEUTICALS (Nairobi),FEDHA ROAD TASSIA,PPB/A/1575
3070,1722,ochienglemayian@gmail.com,ASCENT MEDMART (Nairobi),LANGATA SOUTH ROAD,PPB/A/1570
3071,1723,nicholaskiptum172@gmail.com,ASHBRIDGE PHARMACEUTICALS (Nairobi),nan,PPB/A/357
3072,1724,stephenkipsang6872@gmail.com,ASHOKEM PHARMACEUTICALS (Nairobi),GINGURI UTAWALA ROAD,PPB/A/1952
3073,1725,samwel.adhiambo179@gmail.com,ASMIT PHARMACEUTICALS - FEDHA (Nairobi),FEDHA AVENUE,PPB/A/1836
3074,1726,catherinemuya282@gmail.com,ASMIT PHARMACEUTICALS LTD (Nairobi),GICHUGU ROAD,PPB/A/1959
3075,1727,felixmose@gmail.com,ASSURED PHARMACEUTICALS LTD (Nairobi),MUNYU ROAD,PPB/A/1747
3076,1728,peter.odhiambo@gmail.com,ASTRAVALE PHARMACEE LTD (Nairobi),OLE SANGALE ROAD,PPB/A/1767
3077,1729,elishamudavadi@gmail.com,AURA HEALTHCARE LIMITED (Nairobi),GENERAL MATHENGE DRIVE,PPB/A/1932
3078,1730,jesser@yahoo.com,AVA PHARMACY LIMITED (Nairobi),KAREN-NGONG,PPB/A/1545
3079,1731,mosesodhiambo2604@gmail.com,AWALE II PHARMACEUTICALS LTD (Nairobi),12 TH,PPB/A/394
3080,1732,bensonhalake@gmail.com,AWALE PHARMACEUTICALS LTD (Nairobi),"2ND AVENUE,5TH STREET",PPB/A/103
3081,1733,joannaouko3724@gmail.com,AWASICARE PHARMACY,NAIROBI ROAD,PPB/A/2108
3082,1734,caroline.nasimiyu597@gmail.com,AZERA PHARMACY (Nairobi),KAMITI ROAD,PPB/A/150 B
3083,1735,sharonodinga256@gmail.com,AZRAH MEDICAL CENTRE LIMITED (Nairobi),11TH STREET,PPB/A/2091
3084,1736,bartholomewbarasa@gmail.com,BADGE PHARMACY (Nairobi),KATANI ROAD,PPB/B/6901
3085,1737,gabriel.musyoka@gmail.com,BAHRAIN PHARMA LIMITED (Nairobi),FIFTH STREET,PPB/B/6675
3086,1738,aaroncheruiyot9781@yahoo.com,BALKAM PHARMACEUTICALS (Nairobi),nan,PPB/B/59
3087,1739,rachel.mutua5308@gmail.com,BAMCHEM PHARMACY-NAIROBI (Nairobi),WAWERU ROAD,PPB/B/377
3088,1740,isaacochieng8922@gmail.com,BANADOZ PHARMACEUTICALS (Nairobi),KAMITI ROAD,PPB/B/437
3089,1741,abraham.ongeri4914@gmail.com,BARAKAAT CHEMIST LIMITED- USHIRIKA (Nairobi),JAM STREET,PPB/B/7094
3090,1742,bcnair@gmail.com,BARAKAAT CHEMIST LTD (Nairobi),KIPANGA ATHUMANI ROAD,PPB/353
3091,1743,samuel.wainaina7503@gmail.com,BARIYOW MEDICAL CENTRE LTD (Nairobi),KIPANDE ATHUMANI,PPB/B/240
3092,1744,estherndiwa@gmail.com,BARTON PHAMACY (Nairobi),OUTERING ROAD,PPB/B/6716
3093,1745,priscilla.wekesa@gmail.com,BASE DRUG PHARMACY (Nairobi),KAMITI ROAD,PPB/B/6793
3094,1746,rebecca.musyoka@gmail.com,BASE PHARMACEUTICALS (Nairobi),BIMA ROAD,PPB/B/7026
3095,1747,sharon.musembi624@gmail.com,BEALLARA PHARMACY (Nairobi),nan,PPB/B/241
3096,1748,ethan.ratemo1927@gmail.com,BEKY HOLDING PHARMACY LTD (Nairobi),MOMBASA ROAD,PPB/B/456
3097,1749,paul.ochieng@gmail.com,BEKY HOLDINGS PHARMACY (Nairobi),LIMURU ROAD,PPB/B/6983
3098,1750,rosejacob771@gmail.com,BEN-AMMI PHARMACIES LTD (Nairobi),5TH AVENUE,PPB/B/352
3099,1751,esther.kagendo663@gmail.com,BEN-AMMI PHARMCIES- NHIF (Nairobi),RAGATI,PPB/B/352 B
3100,1752,joshuajepkogei@gmail.com,BENAMED PHARMACY (Nairobi),KANGUNDO RD,PPB/B/623
3101,1753,isaiahochieng@gmail.com,BENCHMARK PHARMACY (Nairobi),KANGUNDO ROAD,PPB/B/6733
3102,1754,joshuamukundi@gmail.com,BERRIES PHARMACY (Nairobi),NGONG\' ROAD,PPB/B/6829
3103,1755,lucykimosop@gmail.com,BETTAN PHARMACY (Nairobi),KAMITI RD,PPB/B/420
3104,1756,marthawekesa9369@gmail.com,BEVCO PHARMACEUTICAL (Nairobi),KANGUNDO ROAD,PPB/B/7006
3105,1757,jacobmuthama571@gmail.com,BEVEL CHEMIST-UMOJA II (Nairobi),MANYANJA ROAD,PPB/B/6896
3106,1758,elizabethwangui@gmail.com,BEYOND PHARMACEUTICALS-EASTLEIGH (Nairobi),FIRST AVENUE,PPB/B/6814
3107,1759,joannangugi2446@gmail.com,BHAVESH CHEMIST (MAIN) (Nairobi),NGARA ROAD,PPB/B/160
3108,1760,bartholomewmwanzia@gmail.com,BHAVESH CHEMIST (TOMFRANK) (Nairobi),NGARA ROAD,PPB/B/6742
3109,1761,marthagichuru@gmail.com,BIBO PHARMACEUTICALS LTD-MFANGANO (Nairobi),MFANGANO ST,PPB/B/6878
3110,1762,naomi.wekesa@gmail.com,BIG BROTHERS CHEMIST (Nairobi),JOGOO ROAD,PPB/B/6712
3111,1763,paulshikuku4581@gmail.com,BIGSTAR PHARMACY (Nairobi),MANYANJA ROAD,PPB/B/6745
3112,1764,mwanginakhumicha@gmail.com,BILLY\'S CHEMISTS (Nairobi),OFF KANGUNDO RD,PPB/B/439
3113,1765,ruth.yusuf813@gmail.com,BINGWA PHARMCARE (Nairobi),MFUBUNDU RD,PPB/B/645
3114,1766,nathan80@yahoo.com,BIOLIVE CHEMIST (Nairobi),JUAKALI RD,PPB/B/480
3115,1767,titus.mochoge@gmail.com,BITAB PHARMACY (Nairobi),NYAYO,PPB/B/601
3116,1768,elijahr@yahoo.com,BIYON HEALTH CARE LIMITED (Nairobi),KLARIE HIHU ROAD 8,PPB/B/7073
3117,1769,jacklinemwikali@gmail.com,BIZET PHARMA LTD (Nairobi),MUGUMONI ST.,PPB/B/620
3118,1770,rebeccagichuru7747@outlook.com,BLESSED JAB (Nairobi),ELDORET ROAD,PPB/B/6919
3119,1771,miriamwanyama9484@gmail.com,BLIXEN PHARMA LTD (Nairobi),NGARA,PPB/B/470
3120,1772,alex.muchira41@gmail.com,BLOOMMED PHARMACY (Nairobi),OFF KANGUNDO ROAD,PPB/B/6786
3121,1773,mwangiserem621@gmail.com,BLOSSOM PHARMACEUTICALS (Nairobi),KAMUNDE RD,PPB/B/506
3122,1774,elizabeth.wanyama@gmail.com,BLUE OCEAN PHARMACEUTICALS (Nairobi),NAIVASHA ROAD,PPB/B/7013
3123,1775,rebecca.kamau2869@gmail.com,BLURACE CHEMIST (Nairobi),KAMUNDE RD,PPB/B/0500
3124,1776,hassanmunyi@gmail.com,BOMA PHARMACEUTICAL LIMITED (Nairobi),KANGUNDO ROAD,PPB/B/6686
3125,1777,elizabeth.nyakundi@outlook.com,BON SANTE PHARMACEUTICALS LTD  (Nairobi),CDF ROAD OFF MANYAJA ROAD,PPB/B/477
3126,1778,fredrickngala@gmail.com,BOND PHARMACEUTICALS (Nairobi),THIKA RD,PPB/B/332
3127,1779,estheromollo@outlook.com,BONFAITH HEALTHCARE LIMITED-HURUMA (Nairobi),EASTERN BYPASS,PPB/B/664
3128,1780,agnes.mumba47@gmail.com,BONGO PHARMACEUTICALS-TARSIA (Nairobi),OUTERING ROAD,PPB/B/0654
3129,1781,sarahmwaura@gmail.com,BONIS CHEMIST (Nairobi),WANYEE ROAD,PPB/B/7061
3130,1782,elizabethbenard@gmail.com,BRANSTONE PHARMACY (Nairobi),IGIRIAKURUI ROAD,PPB/B/6913
3131,1783,susannahchebet7984@gmail.com,BREAMS PHARMACARE (Nairobi),METAMETA ROAD,PPB/B/6689
3132,1784,dennis.khisa621@gmail.com,BRETT PHARMACY  (Nairobi),KARADINI,PPB/B/7002
3133,1785,eve.odhiambo@gmail.com,BRIGHT HOPE PHARMACEUTICAL (Nairobi),WANYEE ROAD,PPB/B/7125
3134,1786,eve.wangari@outlook.com,BRIXTONES PHARMACEUTICALS (Nairobi),6THSTREET,PPB/B/6723
3135,1787,levi.omari@yahoo.com,BROMS CHEMIST (Nairobi),OFF OUTER RING RD,PPB/B/6661
3136,1788,viviannjoka@gmail.com,BROOKLANE PHARMACEUTICALS LTD (Nairobi),BROOKSIDE DRIVE,PPB/B/7180
3137,1789,kennedy.keter768@gmail.com,BROSH PHARMACEUTICALS LTD (Nairobi),THIGIRI RIDGE RD,PPB/B/219
3138,1790,mercy.ouma620@gmail.com,BRUTAX PHARMACY (Nairobi),THIKA ROAD,PPB/B/6922
3139,1791,deborah73@gmail.com,BUDGET PHARMACEUTICAL LTD (Nairobi),MIRIAMS RD,PPB/B/650A
3140,1792,priscilla@yahoo.com,BUDGET PHARMACEUTICALS LIMITED-(JAMBONI),ELDORET-NAIROBI ROAD,PPB/B/7240
3141,1793,miriammudavadi5778@gmail.com,BULALE MEDICAL AND PHARMACY (Nairobi),MUINAMI STREET,PPB/B/7009
3142,1794,priscilla.kipsang6807@outlook.com,BWINA PHARMACEUTICALS (Nairobi),nan,PPB/B/458
3143,1795,delilah.lusaka8649@gmail.com,BYPASS PHARM CHEMIST (Nairobi),MOMBASA ROAD,PPB/B/6703
3144,1796,seth.shikuku7482@yahoo.com,CABEN PHARMACY (Nairobi),CROSS RD,PPB/C/259
3145,1797,hannah.ratemo2049@yahoo.com,CALIFORNIA MEDICAL POINT LTD (Nairobi),8TH STREET,PPB/C/1499
3146,1798,sharon.akumu84@gmail.com,CANAAN PHARMACEUTICALS LTD (Nairobi),MUMIAS SOUTH-MUTINDWA JUNCTION,PPB/C/184
3147,1799,bartholomew.ratemo2844@gmail.com,CANAAN PHARMACEUTICALS LTD -PETOSAM HOUSE (Nairobi),MUMIAS SOUTH SOUTH ROAD,PPB/C/159 \\\'B\\\'
3148,1800,gabriel.odhiambo33@gmail.com,CANTONS CHEMIST (Nairobi),UTAWALA BYPASS,PPB/C/0419
3149,1801,danielouko8969@gmail.com,CAPERNAUM CHEMIST (Nairobi),SAIKA ESTATE OFF KANGUNDO ROAD,PPB/C/1370
3150,1802,john.kamau@gmail.com,CARE MORE PHARMACY (Nairobi),FLATS ROAD,PPB/C/1543
3151,1803,jacob.mukhisa7588@gmail.com,CAREWELL PHARMACY (Nairobi),PIPELINE ROAD NAIROBI,PPB/C/1407
3152,1804,odhiambokerubo@gmail.com,CARIS PHARMACY (Nairobi),LUMUMBA DRIVE,PPB/C/1365
3153,1805,abigailmachogu5409@gmail.com,CARLTONS CHEMIST LTD-LIMURU RD (Nairobi),LIMURU ROAD,PPB/S/945
3154,1806,erickangogo@gmail.com,CATERWELL  PHARM (Nairobi),WOODVALE GROOVE,PPB/C/1560
3155,1807,denishassan@gmail.com,CEDAR PHARMACARE LIMITED - FOURWAYS JUNCTION (Nairobi),FOURWAYS JUNCTION,PPB/C/1535
3156,1808,samuel.kipruto@gmail.com,CEDAR PHARMCARE LTD - TOM MBOYA STREET (Nairobi),TOM MBOYA STREET,PPC/C/358
3157,1809,jacksonwambugu703@gmail.com,CEFACHEM PHARMACY (Nairobi),MWIKI ROAD,PPB/C/1324
3158,1810,noah38@yahoo.com,CELA LIMITED (Nairobi),SAVANNAH ROAD,PPB/C/1436
3159,1811,rebekahmokua3484@outlook.com,CELMAR CHEMIST (Nairobi),JOGOO ROAD,PPB/C/204
3160,1812,gracemukhisa6582@gmail.com,CELYDA PHARMACY (Nairobi),OUTERING RD,PPB/C/361
3161,1813,benardmakori@gmail.com,CENBA CHEMISTRY (Nairobi),MTONGWE ROAD - NGUMO,PPB/C/1474
3162,1814,david.nyakundi@yahoo.com,CENTURION PHARMACY (Nairobi),LIMURU,PPB/C/1361
3163,1815,rebeccakipchoge3905@gmail.com,CESSCHEM PHARMACEUTICALS- EMBAKASI (Nairobi),OUTERING ROAD,PPB/C/0219
3164,1816,elijahwainaina@gmail.com,CETAMOL PHARMACY (Nairobi),UTAWALA GITUNGULI,PPB/C/1480
3165,1817,grace.cherono6686@yahoo.com,CETAMOL PHARMACY CHOKAA (Nairobi),SPINE ROAD,PPB/C/9252
3166,1818,gabrielwangari@outlook.com,CHALEMWAS PHARMACY LTD (Nairobi),UMOJA 2,PPB/C/1610
3167,1819,otienokagendo199@gmail.com,CHARLIK PHARMACY (Nairobi),LUMUMBA DRIVE,PPB/C/9262
3168,1820,samuelchemutai468@gmail.com,CHARLIZE PHARMACY  (Nairobi),KIAMBU ROAD,PPB/C/9165
3169,1821,joshuaowino@gmail.com,CHARZEL HEALTH CHEMIST (Nairobi),LANGATA ROAD,PPB/C/1489
3170,1822,aaron.wanyama4704@gmail.com,CHASTED CHEMIST (Nairobi),TOM MBOYA,PPB/C/1562
3171,1823,joshua.mutua5696@gmail.com,CHEDOC PHARMACY (Nairobi),MWIKI ROAD,PPB/C/1441
3172,1824,puritykariuki@gmail.com,CHEMFAM PHARMACEUTICAL LTD (Nairobi),OUTERING,PPB/C/397
3173,1825,thaddeuswangari9993@gmail.com,CHEMMART PHARMACY (Nairobi),MUMIAS SOUTH ROAD,PPB/C/1307
3174,1826,miriam.kipsang@gmail.com,CHEMWORLD PHARMACY - MWIKI RD (Nairobi),OFF MWIKI RD,PPB/C/303
3175,1827,phoebe.ruto2442@gmail.com,CHEMWORLD PHARMACY -ZIMMERMAN (Nairobi),OFF KAMITI ROAD,PPP/C/391
3176,1828,samwel.omweri731@gmail.com,CHEMWORLD PHARMACY-KASARANI (Nairobi),KASARANI MWIKI ROAD,PPB/C/271
3177,1829,nicholasmwathi997@gmail.com,CHIEKO  CHEMIST  (Nairobi),MURADI ROAD,PPB/C/9174
3178,1830,odhiambo.wainaina54@gmail.com,CHLOE-PHARM PHARMACY (Nairobi),KIGWATHI STREET,PPB/C/1486
3179,1831,joannakariuki2736@gmail.com,CHRISPALAH CHEMIST _KISUMU,KISUMU /NAIROBI STREAT,PPB/C/9208
3180,1832,daniel.abdi138@gmail.com,CISTEIN PHARMACEUTICALS LTD (Nairobi),1ST AVENUE,PPB/C/211
3181,1833,luke.gichuru6510@gmail.com,CITY GATE PHARMACY LTD (Nairobi),"RHAPTA ROAD, WESTLANDS",PPB/C/1305
3182,1834,tabitha.cheruiyot428@yahoo.com,CITY MED PHARMACY LIMITED-RIDGE COURT  (Nairobi),3RD PARKLANDS AVENUE,PPB/C/1570
3183,1835,ruthkivutha@gmail.com,CITY VIEW CHEMIST (Nairobi),KARIOBANGI SOUTH,PPB/C/1296
3184,1836,naomindungu698@gmail.com,CITYLINK PHARMACY-BRANCH (Nairobi),WARUINGE STREET,PPB/C/124
3185,1837,ann.boke177@gmail.com,CITYMED PHARMACY LTD-NAIROBI (Nairobi),LIMURU ROAD,PPB/C/1327
3186,1838,miriammonyancha8401@outlook.com,CKS DIALYSIS CENTRE LTD-BURUBURU (Nairobi),BURUBURU,PPB/C/9153
3187,1839,leahwainaina8485@gmail.com,CKS DIALYSIS CENTRE LTD-PANGANI (Nairobi),OFF JUJA ROAD CHAI ROAD AT THE JUNCTION,PPB/C/1604
3188,1840,reuben.wanjiru@yahoo.com,CLARIPHARM PHARMACEUTICALS LTD -UMOJA (Nairobi),MOI DRIVE,PPB/C/275
3189,1841,purity.kigen604@gmail.com,CLINMED CHEMIST (Nairobi),KILOME  ROAD,PPB/C/1536
3190,1842,tituskoech@gmail.com,COLMED PHARMACEUTICALS LIMITED-LANGATA (Nairobi),LANG\\\'ATA ROAD,PPB/C/1487
3191,1843,caleb.odinga7202@yahoo.com,CONNECTIONS DESPENSING CHEMIST LTD (Nairobi),OFF OUTERING RD,PPB/C/231
3192,1844,leah.muiruri1820@yahoo.com,CORNER PHARMACY LIMITED (Nairobi),STREET PARKLANDS ROAD,PPB/C/167
3193,1845,jacobwainaina@gmail.com,COSBY AND HEIRS PHARMACY  (Nairobi),AOKO ROAD,PPB/C/1416
3194,1846,abrahammusila2695@gmail.com,COSIGN CHEMIST (Nairobi),KIKUYU ROAD,PPB/C/1463
3195,1847,kevin.kipyegon491@gmail.com,CROSSAL CHEMICAL SERVICES (Nairobi),KAREN NGONG ROAD,PPB/C/1286
3196,1848,leah.marube8120@outlook.com,D-CHEM PHARMACEUTICAL LIMITED (Nairobi),MWANGAZA RD,PPB/D/2145
3197,1849,rachel.gichuru@gmail.com,DAHLIA PHARMACY LIMITED (Nairobi),NGONG ROAD,PPB/D/2288
3198,1850,jessemutua@outlook.com,DAJIM PHARMACY (Nairobi),NAIVASHA ROAD,PPB/D/97
3199,1851,philip.khisa@gmail.com,DALCAMED LIMITED - DONHOLM BRANCH (Nairobi),OUTER RING ROAD,PPB/D/2245
3200,1852,noahmuli@gmail.com,DALCAMED LIMITED - IMARA DAIMA BRANCH (Nairobi),COSMAS NDETEI ROAD,PPB/D/2247
3201,1853,grace.kisilu5509@gmail.com,DAM CARE PHARMACEUTICALS LIMITED (Nairobi),MWANGAZA ROAD,PPB/D/2253
3202,1854,zachary.mukhisa1166@gmail.com,DAMCO PHARMA LIMITED (Nairobi),KOINANGE STREET,PPB/D/076
3203,1855,sarahochieng@gmail.com,DAMUKU PHARMACEUTICALS LTD (Nairobi),KANGUNDO RD,PPB/D/2220
3204,1856,sarahkoech@gmail.com,DAN PHARMACIE LIMITED-KANGEMI (Nairobi),WAIYAKI WAY,PPB/D/2215
3205,1857,abrahammutua@gmail.com,DANCHEM PHARMACY LIMITED - NAIROBI CBD (Nairobi),DURUMA ROAD,PPB/D/48
3206,1858,esther.nanjala@gmail.com,DANNES PHARMACY LTD - UTAWALA (Nairobi),UTAWALA RD,PPB/D/065 C
3207,1859,lydiakagwiria@gmail.com,DANTON PHARMACY LTD  (Nairobi),EMBAKASI ROAD/BY PASS,PPB/D/2256
3208,1860,simonwaithira263@gmail.com,DARLHA PHARMACY (Nairobi),THOME MARURUI ROAD,PPB/D/2278
3209,1861,reuben.ouma5916@gmail.com,DARNOPHARM CHEMIST (Nairobi),KAMUNDE ROAD,PPB/D/2128
3210,1862,zachary.lusaka@gmail.com,DAROMA CHEMIST (Nairobi),LANDHIES ROAD,PPB/D/2123
3211,1863,joyce.kaingu346@gmail.com,DASAE CHEMIST (Nairobi),KIKUYU,PPB/D/248
3212,1864,ruth.ruto4277@gmail.com,DATCHE PHARMACEUTICALS (Nairobi),SAVANNA ROAD,PPB/D/197
3213,1865,ethan.mwanzia@gmail.com,DAVRY PHARMACEUTICALS (Nairobi),GITANGA ROAD,PPB/D/062
3214,1866,cynthiabarongo@gmail.com,DAYAH PHARMACEUTICALS LTD (Nairobi),WOOD STREET,PPB/M/8504
3215,1867,phoebewekesa3809@gmail.com,DEFINO PHARMACY (Nairobi),OFF JUJA ROAD,PPB/D/2171
3216,1868,dcchem@yahoo.com,DELAM CHEMIST,NAIROBI KISERIAN ROAD,PPB/D/3241
3217,1869,nathanwangari5245@outlook.com,DELCHEM PHARMACY (Nairobi),KIBARAGE,PPB/D/2307
3218,1870,samuel.ngugi@yahoo.com,DELTON PHARMACEUTICAL LIMITED (Nairobi),RABAI ROAD,PPB/D/2143
3219,1871,ruthmarube@gmail.com,DENSON CHEMIST (Nairobi),VILLAGE STREET,PPB/D/2224
3220,1872,abrahamgichuru@outlook.com,DEVAS EXPRESS CHEMIST (Nairobi),MONDLANE STREET,PPB/D/2282
3221,1873,dorcaschebii960@gmail.com,DEVINS PHARMACY (Nairobi),BYPASS,PPB/D/240
3222,1874,david.machogu4831@gmail.com,DEWMED KENYA LIMITED (Nairobi),OUTERING ROAD,PPB/D/2180
3223,1875,priscilla.kipruto@gmail.com,DIABETES MANAGEMENT RESOURCE CENTRE KENYA LIMITED (Nairobi),NGARA,PPB/D/2242
3224,1876,dianamusumba@gmail.com,DIAMED PHARMACEUTICALS (Nairobi),WAUDO,PPB/D/2280
3225,1877,micah.kivutha@yahoo.com,DIGFER PHARMACY (Nairobi),KIRONGOTHI,PPB/D/2283
3226,1878,francis.wambugu825@gmail.com,DILABIT PHARMACY LTD-MLOLONGO (Nairobi),OUTERING,PPB/D/318
3227,1879,odhiamboodira632@gmail.com,DINE PHARMACEUTICALS (Nairobi),KANISANI ROAD,PPB/D/
3228,1880,solomon.lusaka@gmail.com,DINGA PHARMACY (Nairobi),NEW KCC,PPB/D/2250
3229,1881,seth.ouko@yahoo.com,DIPLOMAT MEDICAL SUPPLIES (Nairobi),TSAVO ROAD,PPB/D/2316
3230,1882,fatuma.lumbasi421@gmail.com,DISHCHEM PHARMACY (Nairobi),SABA SABA RD,PPB/D/176
3231,1883,sethnanjala6333@gmail.com,DIVINE GRACE PHARMACY,MERU/NAIROBI HIGHWAY,PPB/D/3306
3232,1884,delilahwanyama665@gmail.com,DOC-CARE  VILLE PHARMACY LIMITED (Nairobi),RONALD NGARA,PPB/D/2167
3233,1885,paulmuimi@gmail.com,DOCLINE PHARMACY LIMITED (Nairobi),NAIVASHA ROAD,PPB/D/2153
3234,1886,sarahokello@gmail.com,DOCPHARMA LIMITED (Nairobi),3RD PARKLAND AVENUE,PPB/D/2141
3235,1887,joanosoro768@gmail.com,DOLLAR PHARMACY (Nairobi),KIPANGA ATHUMANI ROAD,PPB/D/191
3236,1888,lukemochoge@gmail.com,DOLMARK CHEMIST (Nairobi),BUTECHI ROAD,PPB/D/2041
3237,1889,stephen.muthama@gmail.com,DOMAIN CARE PHARMACY (Nairobi),KAMITI ROAD,PB/D/272
3238,1890,hellenkipngetich@gmail.com,DOMIL PHARMACEUTICALS (Nairobi),EMBAKASI ROAD,PPB/D/2050
3239,1891,mohamed.alex772@gmail.com,DONHOLM POLEPOLE PHARMACY (Nairobi),OFF OUTERING ROAD,PPB/D/088
3240,1892,adam.ongeri@gmail.com,DORADAWA PHARMACY,KISUMU-NAIROBI ROAD,PPB/D/3322
3241,1893,titus.ratemo9684@yahoo.com,DOVEY  PHARMA LTD-WESTLANDS (Nairobi),RINGROAD,PPB/D/175
3242,1894,maina.mwaniki792@gmail.com,DOVEY PHARMA LIMITED - CITY HALL (Nairobi),MAMA NGINA,PPB/D/2309
3243,1895,dianambiti@gmail.com,DOVEY PHARMA LTD-KAREN (Nairobi),RINGROAD,PPB/D/2162
3244,1896,george.dennis896@gmail.com,DOVEYPHARMA LIMITED -LANGATA (Nairobi),LANGATA SHOPPING CENTRE,PPB/D/174 \\\'B\\\'
3245,1897,solomonnjoroge8654@gmail.com,DOVEYPHARMA LIMITED-DENNIS PRITT (Nairobi),DENNIS PRITT,PPB/D/2033
3246,1898,wanjiruthuku57@gmail.com,DOVEYPHARMA LTD-JF CENTER LTD (Nairobi),"ARGWINGS KODHEK RD, NAIROBI",PPB/D/2234
3247,1899,mark.otieno@gmail.com,DOVEYPHARMA LTD-KIMATHI HOUSE (Nairobi),KIMATHI STREET,PPB/D/2227
3248,1900,sarahmusila3780@gmail.com,DOVEYPHARMA-HOSPICE (Nairobi),HOSPITAL ROAD,PPB/D/3231
3249,1901,samuelruto4624@outlook.com,DOVEYPHARMA-RIVER SIDE (Nairobi),RIVER SIDE DRIVE,PPB/D/3232
3250,1902,martinmwai107@gmail.com,DRAKE PHARMACEUTICALS-LOWER KABETE (Nairobi),GITATHURU ROAD,PPB/D/2219
3251,1903,sarahcheruiyot@gmail.com,DRUG 'N' DRIVE PHARMACY,NAKURU NAIROBI HIGHWAY,PPB/D/3271
3252,1904,beatrice.nyaga92@gmail.com,DRUG HUB CHEMIST (Nairobi),THOME ROAD,PPB/D/2306
3253,1905,deborahomari6840@yahoo.com,DRUGHILL PHARMACY (Nairobi),OFF THIKA ROAD,PPB/D/111
3254,1906,mark.monyancha6578@gmail.com,DUNISH SONKOR PHARMACEUTICAL LIMITED  (Nairobi),SECOND AVENUE,PPB/D/2314
3255,1907,felixkipsang292@gmail.com,DURAHEAL CHEMIST (Nairobi),SECOND AVENUE,PPB/D/310
3256,1908,priscillakivutha@gmail.com,EAST STAR PHARMACY (Nairobi),AGA KHAN WALK,PPB/E/1227
3257,1909,miriam.odhiambo@gmail.com,EASTLINE PHARMACY  (Nairobi),KASARANI-MWIKI,PPB/E/1219
3258,1910,antonylelei@gmail.com,EASTON PHARMACEUTICALS LTD-MSA ROAD (Nairobi),MOMBASA RD,PPB/E/76
3259,1911,sarahouko@gmail.com,EBEN PHARMACEUTICALS LTD - MOI S DRIVE (Nairobi),MOI DRIVE ROAD,PPB/T/276
3260,1912,michaelmuli@gmail.com,EBEN PHARMACEUTICALS LTD -OUTERING ROAD (Nairobi),OUTERING ROAD,PPB/T/434
3261,1913,otienonzioka@gmail.com,ECODRUGS PHARMACY LTD-OUTERING RD (Nairobi),OFF OUTERING ROAD,PPB/E/134
3262,1914,leah.shikuku1748@gmail.com,EDDIKAN PHARMACY LIMITED (Nairobi),NGARA,PPB/E/1312
3263,1915,christinembiti@gmail.com,EDGE PHARMACY (Nairobi),KANGUNDO RD,PPB/E/231
3264,1916,joycewako667@gmail.com,EDIPHARM PHARMACEUTICALS (Nairobi),SOKONI ROAD,PPB/E/262
3265,1917,tabithangugi@gmail.com,EDMA CHEMIST (Nairobi),ZIMMERMAN,PPB/E/289
3266,1918,marykalume@gmail.com,EDTON PHARMA LTD (Nairobi),RACE COURSE RDQ,PPB/E/261
3267,1919,brenda.kobia728@gmail.com,EDWEL CHEMIST (Nairobi),MANYANJA ROAD,PPB/E/1266
3268,1920,rebekahratemo@outlook.com,EFAMA CHEMIST (Nairobi),UMOJA 3 STREET,PPB/E/1233
3269,1921,matthewr@gmail.com,EFFICIENCY PHARMACY (Nairobi),KAMITI ROAD,PPB/E/1319
3270,1922,nathanmarube3796@gmail.com,EGYPTIAN SPECIALIST MEDICAL CENTRE LIMITED (Nairobi),12TH STREET,PPB/E/1480
3271,1923,paul.kipchoge1355@yahoo.com,EKERO CHEMIST (Nairobi),KIBERA DRIVE,PPB/E/1221
3272,1924,ochiengabdulla612@gmail.com,ELIANA PHARMACY (Nairobi),GITANGA ROAD,PPB/E/1161
3273,1925,susanogweno963@gmail.com,ELIEZER CHEMIST (Nairobi),NGINA ROAD,PPB/E/1211
3274,1926,beatricekiplagat963@gmail.com,ELIKIM CHEMIST (Nairobi),OFF OUTERING ROAD,PPB/E/278
3275,1927,seth.kariuki562@outlook.com,ELIKIM PHARMACEUTICAL SERVICES (Nairobi),OUTERING,PPB/E/1293
3276,1928,ecnairwany@gmail.com,ELIKIN CHEMISTS (Nairobi),nan,PPB/E/180
3277,1929,martingathoni@gmail.com,ELLYSSAD PHARMA (Nairobi),"KITENGELA ROAD, LANGATA",PPB/E/1338
3278,1930,thaddeus57@yahoo.com,ELOC PHARMACY (Nairobi),WANYEE ROAD,PPB/E/1039
3279,1931,brenda.mutuma744@gmail.com,ELYKIBS PHARMACY (Nairobi),KAMITI  ROAD,PPB/E/0207
3280,1932,davidmochoge@gmail.com,EMALA CHEMIST LIMITED-DAGORETTI (Nairobi),KIRIGU ROAD,PPB/E/1261
3281,1933,isaac.owino774@gmail.com,EMARA PHARMACEUTICALS LIMITED (Nairobi),POPO ROAD,PPB/E/1296
3282,1934,evansekeno600@gmail.com,EMCE CHEMIST (Nairobi),KIKUYU ROAD,PPB/E/1037
3283,1935,gladys.ndege417@gmail.com,EMERIC PHARMACEUTICALS LIMITED-WESTLANDS (Nairobi),MPAKA ROAD,PPB/E/1300
3284,1936,abrahamkiptoo5268@gmail.com,EMIR HEALTH CENTRE (Nairobi),KENYA BUILDERS ROAD,PPB/E/1229
3285,1937,peterbarasa@gmail.com,EMIR PHARMA (Nairobi),CATHERINE NDEREVA,PPB/E/1124
3286,1938,vincentnabwire@gmail.com,EMMANUCARE CHEMIST (Nairobi),MARURUI,PPB/E/1379
3287,1939,jesse.ouko@outlook.com,EMMARK CHEMIST (Nairobi),MOI DRIVE,PPB/E/363
3288,1940,lilianekidor@gmail.com,EMON CARE LIMITED (Nairobi),NOTHERN BYPASS,PPB/E/1309
3289,1941,zacharymochoge98@yahoo.com,EMYPHARM CHEMIST EASTLEIGH (Nairobi),"SEC 3, EASTLEIGH",PPB/E/344
3290,1942,timothy.nyakundi@gmail.com,ENAI PHARMACY (Nairobi),HAILE SELASSIE AVENUE,PPB/E/1235
3291,1943,joycekipkemboi@gmail.com,ENTALLOS PHARMACY (Nairobi),KWARE STREET,PPB/E/1208
3292,1944,esthernyakundi1422@gmail.com,EPLUS PHARMACY (Nairobi),POPO ROAD,PPB/E/1242
3293,1945,fredrickyakub30@gmail.com,EQUIHEALTH PHARMACY (Nairobi),KASARANI MWIKI RD,PPB/E/300
3294,1946,marymusyoka7678@outlook.com,EREHCON PHARMACEUTICALS LTD (Nairobi),GITHURAI 44,"PPB/E/,01045"
3295,1947,davidkhisa3266@gmail.com,ERIE PHARMACEUTICALS,NAKURU/NAIROBI HIGHWAY,PPB/E/1407
3296,1948,ann.ongeri561@gmail.com,ERIMED PHARMACEUTICALS (Nairobi),JOGOO RD,PPB/E/249
3297,1949,jude.gichuru7209@outlook.com,ESKIM CHEMIST,NAIROBI MURANGA HIGHWAY,PPB/E/1406
3298,1950,petermachogu@gmail.com,ESTEEM CHEMIST (Nairobi),GITANGA ROAD,PPB/E/1180
3299,1951,noah.wangari@gmail.com,ETHAVANS CHEMIST-KIJOS BLDG (Nairobi),OUTERING ROAD,PPB/E/0308
3300,1952,mainajepkosgei@gmail.com,EVANMED PHARMACY (Nairobi),EASTERN BYPASS,PPB/E/1173
3301,1953,matthew.wangari8894@gmail.com,EVERSERVE CHEMISTS,NYERI NAIROBI HIGHWAY,PPB/E/1483
3302,1954,iannyaboke441@gmail.com,EXCEL PHARMACY  (Nairobi),OUTERING RD,PPB/E/310
3303,1955,ruthjemeli@gmail.com,EXPRESS SEVEN CHEMIST LIMITED (Nairobi),DAGORETTI MARKET,PPB/E/1191
3304,1956,robertngao190@gmail.com,F K PHARMACEUTICALS CO  LIMITED (Nairobi),KENYATTA MARKET ST.,PPB/F/676
3305,1957,paulinemumba359@gmail.com,FADHIRACHEM PHARMACEUTICALS  (Nairobi),KOMAROCK INFILL B,PPB/F/662
3306,1958,silas.cherono@yahoo.com,FAIRCHEM PHARMACEUTICALS (Nairobi),JUJA ROAD,PPB/F/724
3307,1959,deborah.lusaka@gmail.com,FAMGEN PHARMACEUTICALS LTD (Nairobi),NAIROBI,PPB/F/780
3308,1960,michaelmukiri945@gmail.com,FAMICHEM CHEMISTS (Nairobi),KANGUNDO ROAD,PPB/F/655
3309,1961,ruthmonyancha@gmail.com,FAMILY FARE PHARMACY (Nairobi),KWA MAJI OFF KANGUNDO ROAD,PPB/F/766
3310,1962,tabitha.machogu@yahoo.com,FANMACARE PHARMACY LIMITED (Nairobi),EASTERN BYPASS,PPB/F/805
3311,1963,adamgichuru7387@gmail.com,FASTMART PHARMACY-OTHAYA (Nairobi),KANGUNDO ROAD,PPB/F/3118
3312,1964,rosenjeru284@gmail.com,FASTMEDD PHARMACEUTICALS-UMOJA (Nairobi),MUTINDWA ROAD,PPB/F/665
3313,1965,matthewkipchoge72@gmail.com,FAWAPHARM CHEMIST -PANGANI (Nairobi),NORTHVIEW ROAD,PPB/F/309
3314,1966,naomimwangi@gmail.com,FEVA CHEMIST (Nairobi),EASTERN BYPASS,PPB/F/97
3315,1967,markbarasa@outlook.com,FEWAPE CHEMISTS (Nairobi),OUTERING ROAD,PPB/F/765
3316,1968,mwangiabdulla@gmail.com,FIMA PHARMACY (Nairobi),OFF MUTARAKWA ROAD,PPB/F/96
3317,1969,sarah.ngui@yahoo.com,FIX CHEM PHARMACEUTICAL LTD (Nairobi),ZANZIBAR ROAD,PPB/F/779
3318,1970,erickhamis@gmail.com,FIX CHEM PHARMACEUTICAL LTD- BALOZI (Nairobi),PLAINSVIEW ROAD,PPB/F/832
3319,1971,naomibarasa3421@gmail.com,FLAME TREE PHARMACY LTD (Nairobi),RING RD,PPB/F/61
3320,1972,agnes.samoei268@gmail.com,FLAWLESS CHEMIST (Nairobi),MUTINDWA RD UMOJA 1,PPB/F/684
3321,1973,viviannyambu178@gmail.com,FLO DISPENSING CHEMIST (Nairobi),LUMUMBA DRIVE,PPB/F/690
3322,1974,evanskajuju707@gmail.com,FLOSYVIA PHARMACEUTICALS LTD (Nairobi),KATANI ROAD,PPB/F/700
3323,1975,jonathan.mokua@yahoo.com,FORT HILL PHARMACY (Nairobi),HOSPITAL ROAD,PPB/F/752
3324,1976,grace.fondo500@gmail.com,FORTAY PHARMACEUTICALS (Nairobi),KANGUNDO ROAD,PPB/F/768
3325,1977,titus.kiptoo7363@outlook.com,FOURWAY CHEMIST (Nairobi),DANIEL COMBONI ROAD,PPB/F/667
3326,1978,sarah.mwangi9078@gmail.com,FREBCARE LIMITED (Nairobi),OFF SPINE ROAD,PPB/F/719
3327,1979,joannakilonzo@gmail.com,FRENAMOL CHEMIST (Nairobi),KWA NDEGE NYAYO GATE B,PPB/F/704
3328,1980,fatumamaingi@gmail.com,FRIKAM CHEMISTS (Nairobi),PARKROAD,PPB/F/820
3329,1981,nancy.nandwa355@gmail.com,FUTURISTIC PHARMACY (Nairobi),ROAD KANGUNDO KANGUNDO,PPB/F/831
3330,1982,mary.mwangi@gmail.com,GALLANT PHARMCARE (Nairobi),MANYANJA ROAD,PPB/G/1283
3331,1983,abdichepkwemoi@gmail.com,GALLY'S PHARMACY,MERU- NAIROBI HIGHWAY,PPB/G/1416
3332,1984,evekhisa2052@outlook.com,GAMBE CHEMIST (Nairobi),TUSHAURIANE/MARKET  ROAD,PPB/G/1355
3333,1985,reuben.lusaka@gmail.com,GARNET PHARMACY LIMITED (Nairobi),LIMURU ROAD,PPB/G/1174
3334,1986,moses.otieno8999@gmail.com,GEEL PHARMACY LTD (Nairobi),2ND AVENUE,PPB/G/ 65
3335,1987,debbymuri298@gmail.com,GELNA PHARMACY  (Nairobi),nan,PPB/G/240
3336,1988,jacklinejames190@gmail.com,GENTEEL CHEMIST LIMITED-JAMHURI (Nairobi),NGONG ROAD,PPB/G/1130
3337,1989,robertgathogo416@gmail.com,GEORGIOLANI LTD (Nairobi),CHANIA AVENUE,PPB/G/1207
3338,1990,jacob.mudavadi9194@outlook.com,GEROMED PHARMACEUTICALS LTD (Nairobi),MUHOHO AVENUE,PPB/G/067
3339,1991,stephengona89@gmail.com,GERUCHAH PHARMACY (Nairobi),KAGUNDO ROAD,PPB/G/1006
3340,1992,ruthmaroa@gmail.com,GERY PHARMACEUTICALS - DALANI (Nairobi),OFF MAJANJA,PPB/G/186
3341,1993,markkisilu@outlook.com,GEWAPHARM PHARMACY (Nairobi),SPINE,PPB/G/1245
3342,1994,rebeccamuthama7432@gmail.com,GHEMS CHEMIST-KARIOBANGI (Nairobi),KARIOBANGI RD,PPB/G/1243
3343,1995,joan.makungu488@gmail.com,GHEMS PHARMACEUTICALS LIMITED (Nairobi),FAHARI ROAD,PPB/G/945
3344,1996,lydia.wanyama6195@gmail.com,GIANT CHEMIST (Nairobi),MFANGANO STREET,PPB/G/938
3345,1997,rachel.okello422@gmail.com,GIDD PHARMACY LIMITED (Nairobi),EASTERN BYPASS ROAD,PPB/G/1149
3346,1998,joseph.mose144@gmail.com,GIDD PHARMACY LTD (Nairobi),UTAWALA ROAD OFF EASTERN BYPASS,PPB/G/1214
3347,1999,wanjirumbui911@gmail.com,GIFTED-HANDS PHARMACY (Nairobi),KAMITI ROAD,PPB/G/1108
3348,2000,margaret.mutegi316@gmail.com,GIKOPHARM PHARMACY (Nairobi),NEW PUMWANI RD,PPB/G/111
3349,2001,joanna.kisilu6882@gmail.com,GILLS PHARMACY (Nairobi),MUMIAS SOUTH ROAD,PPB/G/0122
3350,2002,nicholasnaibei@gmail.com,GITA PHARMACY (Nairobi),JOGOO ROAD,PPB/G/152
3351,2003,lukemogaka@gmail.com,GITHA PLUS PHARMACY (Nairobi),GITHURAI,PPB/G/1170
3352,2004,matthewochieng6839@outlook.com,GITHIMU PHARMACEUTICALS -SAIKA (Nairobi),MOI DRIVE,PPB//G/281
3353,2005,jonathan.owino@outlook.com,GITHURA AIRPORT CHEMIST (Nairobi),GITHURAI 44,PPB/G/1178
3354,2006,maina.robi990@gmail.com,GITHURAI CHEMISTS (Nairobi),THIKA RD,PPB/G/72
3355,2007,charleswabwile@gmail.com,GITOKA PHARMACY (Nairobi),WAIYAKI WAY,PPB/G/302
3356,2008,grpharjess@yahoo.com,GIWA RAPHA SPRINGING OVER VIEW PHARMACY,KAWAIDA ALONG NAIROBI NAZARETH ROAD,PPB/G/1473
3357,2009,emmanuel.ogweno487@gmail.com,GLADEM PHARMACY-MARURUI (Nairobi),JUAKALI-MARURUI ROAD,PPB/G/1100
3358,2010,kevinodinga79@gmail.com,GLEAM PHARMACY (Nairobi),OFF KAMITI RD,PPB/G/228
3359,2011,leah.odhiambo3978@gmail.com,GOCATE CHEMIST (Nairobi),AIRPORT NORTH ROAD,PPB/G/1161
3360,2012,nancynyale60@gmail.com,GOLAN PHARMACEUTICAL LTD JOGOO ROAD BRANCH (Nairobi),JOGOO ROAD,PPB/G/944
3361,2013,richardewoi@gmail.com,GOLD-CHEM PHARMACY-GIKOMBAA (Nairobi),CHIRIKU LANE- BEHIDE EQUITY BANK,PPB/G/198
3362,2014,rebecca.odinga4175@outlook.com,GOLDLITE PHARMACY LIMITED,MUTINDWA ROAD,PPB/G/1334
3363,2015,emmanuel.omolo389@gmail.com,GOLDMED PHARMACY LTD-BAZAAR PLAZA (Nairobi),BIASHARA STREET,PPB/G/108
3364,2016,ethan.kiptoo3084@yahoo.com,GOLDMED PHARMACY LTD-NAIROBI WEST (Nairobi),GANDHI AVENUE,PPB/G/108B
3365,2017,levimuiruri@outlook.com,GOLDPHARM HEALTHCARE SERVICES LTD (Nairobi),KINYANJUI ROAD,PPB/G/171
3366,2018,martha.muiruri@gmail.com,GOOD SPRINGS PHARMACY (Nairobi),MUHUYU ROAD,PPB/G/1261
3367,2019,denniskenga529@gmail.com,GOODLIFE  PHARMACY LTD-KAREN (Nairobi),LANGATA,PPB/M/605 \\\'D\\\'
3368,2020,reubenmarube@gmail.com,GOODLIFE  PHARMACY LTD-ROSSLYN RIVIERA (Nairobi),LIMURU,PPB/M/8693
3369,2021,mercymokua635@gmail.com,GOODLIFE PHARMACY  LTD- GREENSPAN (Nairobi),DONHOLM ROAD,PPB/M/8519
3370,2022,esther.kilonzo2469@gmail.com,GOODLIFE PHARMACY LIMITED - CITY SQUARE (Nairobi),HARAMBEE AVENUE,PPB/G/1091
3371,2023,rebeccaongri36@gmail.com,GOODLIFE PHARMACY LIMITED - EASTGATE MALL (Nairobi),MANYANJA ROAD,PPB/G/1139
3372,2024,lydia.charles709@gmail.com,GOODLIFE PHARMACY LIMITED - GENERAL MATHENGE (WESTLANDS) (Nairobi),GENERAL MATHENGE,PPB/G/1187
3373,2025,gladyskiptui@gmail.com,GOODLIFE PHARMACY LIMITED - HURLINGHAM PLAZA (Nairobi),ARGWINGS KODHEK,PPB/G/1303
3374,2026,vivianwangai702@gmail.com,GOODLIFE PHARMACY LIMITED - KENOL LORESHO (Nairobi),LORESHO RIDGE,PPB/G/1204
3375,2027,zachary.odhiambo@gmail.com,GOODLIFE PHARMACY LIMITED - KENYATTA AVENUE (Nairobi),KENYATTA AVENUE,PPB/G/1134
3376,2028,jamesmurangiri@gmail.com,GOODLIFE PHARMACY LIMITED - KILIMANI (Nairobi),ARGWINGS KODHEK RD,PPB/G/1165
3377,2029,rebekahnanjala@gmail.com,GOODLIFE PHARMACY LIMITED - KISUMU MEGA CITY MALL,NAIROBI ROAD,PPB/G/1323
3378,2030,calebshikuku@gmail.com,GOODLIFE PHARMACY LIMITED - KISUMU MEGA CITY MALL (KISUMU),NAIROBI ROAD,PPB/G/1474
3379,2031,janejuma71@gmail.com,GOODLIFE PHARMACY LIMITED - LAVINGTON (NAIROBI) (Nairobi),JAMES GICHURU,PPB/G/1195
3380,2032,lydia.ratemo@gmail.com,GOODLIFE PHARMACY LIMITED - MUTHAIGA (Nairobi),LIMURU ROAD,PPB/G/1112
3381,2033,hassan.kairu761@gmail.com,GOODLIFE PHARMACY LIMITED - NAIROBI MEGA (UHURU HIGHWAY) (Nairobi),UHURU HIGHWAY,PPB/G/1239
3382,2034,levi.mogaka@yahoo.com,GOODLIFE PHARMACY LIMITED - NAIROBI WEST,MUTHAITI ROAD NAIROBI WEST,PPB/G/1432
3383,2035,eunicechumba@gmail.com,GOODLIFE PHARMACY LIMITED - RHAPTA ROAD (Nairobi),MUMIAS ROAD,PPB/G/1304
3384,2036,peter.mwongela971@gmail.com,GOODLIFE PHARMACY LIMITED - SARIT CENTRE (Nairobi),KARUNA ROAD,PPB/G/1152
3385,2037,jessekiptoo4661@gmail.com,GOODLIFE PHARMACY LIMITED - SAROVA STANLEY (KIMATHI STREET) (Nairobi),KIMATHI STREET,PPB/G/1210
3386,2038,juliusmutune704@gmail.com,GOODLIFE PHARMACY LIMITED - SHELL HURLINGHAM (Nairobi),ARWINGS KODHEK ROAD,PPB/G/1071
3387,2039,ibrahim.kanini73@gmail.com,GOODLIFE PHARMACY LIMITED - SHELL RIDGEWAYS (Nairobi),KIAMBU ROAD,PPB/G/1059
3388,2040,miriamcherono3642@gmail.com,GOODLIFE PHARMACY LIMITED - SHELL TEGEMEO (Nairobi),WIAYAKI WAY,PPB/G/1057
3389,2041,davidwamalwa2616@gmail.com,GOODLIFE PHARMACY LIMITED - TOTAL LANGATA RD (KAREN)  (Nairobi),LANGATA ROAD,PPB/G/1186
3390,2042,mosesthomas@gmail.com,GOODLIFE PHARMACY LIMITED - VILLAGE MARKET (Nairobi),LIMURU ROAD,PPB/G/1072
3391,2043,johnodiwuor@gmail.com,GOODLIFE PHARMACY LIMITED - WATERFRONT (Nairobi),LANGATA ROAD,PPB/G/1164
3392,2044,davidgatimu@gmail.com,GOODLIFE PHARMACY LIMITED - WESTLANDS ARCADE (Nairobi),PARKLANDS RING ROAD,PPB/G/1053
3393,2045,gabrielmokua@outlook.com,GOODLIFE PHARMACY LIMITED - WESTLANDS SQUARE (Nairobi),WAIYAKI WAY,PPB/G/1058
3394,2046,silasmachogu6662@gmail.com,GOODLIFE PHARMACY LIMITED- GARDEN ESTATE (Nairobi),NEW GARDEN ESTASTE ROAD,PPB/G/1196
3395,2047,delilahmonyancha4880@outlook.com,GOODLIFE PHARMACY LIMITED- NEW SARIT (Nairobi),KARUNA ROAD,PPB/G/1155
3396,2048,antony.gakii729@gmail.com,GOODLIFE PHARMACY LIMITED-RIDGEWAYS (Nairobi),KIAMBU ROAD,PPB/M/605 \\\'A\\\'
3397,2049,brianmuigai689@gmail.com,GOODLIFE PHARMACY LTD -GARDEN CITY (Nairobi),THIKA HIGHWAY,PPB/M/8468
3398,2050,paulkhisa@yahoo.com,GOODLIFE PHARMACY LTD -LANGATA (Nairobi),LANGATA ROAD,PPB/M/1196 \\\'C\\\'
3399,2051,estherkipchoge@gmail.com,GOODLIFE PHARMACY LTD -NGONG ROAD (Nairobi),NGONG ROAD,PPB/M/1196  \\\'A\\\'
3400,2052,emmanuel.nzisa504@gmail.com,GOODLIFE PHARMACY LTD SHELL KAREN (Nairobi),NGONG ROAD/LANGATA SOUTH ROAD,PPB/M/8534
3401,2053,ibrahimodero566@gmail.com,GOODLIFE PHARMACY LTD THOME SHELL (Nairobi),THIKA ROAD,PPB/M/8683
3402,2054,gladyskinya@gmail.com,GOODLIFE PHARMACY LTD VALLEY ARCADE (Nairobi),GITANGA ROAD,PPB/G/1052
3403,2055,victormutio@gmail.com,GOODLIFE PHARMACY LTD- SHELL MADARAKA (Nairobi),LANGATA ROAD,PPB/M/8530
3404,2056,eunicenjambi394@gmail.com,GOODLIFE PHARMACY LTD-HURLINGAM (Nairobi),ARWINGS KODHEK,PPB/M/1196 \\\'D\\\'
3405,2057,antonymohamed178@gmail.com,GOODLIFE PHARMACY LTD-JUNCTION BRANCH (Nairobi),NGONG ROAD,PPB/M/605\\\\\\\\\\\\\\\'C
3406,2058,patrickmiriti@gmail.com,GOODLIFE PHARMACY LTD-WESTGATE (Nairobi),MWANZI ROAD,PPB/M/8481
3407,2059,mohamednjoroge563@gmail.com,GOODSTART PHARMACY LIMITED  (Nairobi),SHIVACHI ROAD,PPB/G/1221
3408,2060,paulkiptoo@gmail.com,GOODWILL CHEMIST (Nairobi),GATHURU ROAD,PPB/G/291
3409,2061,abdibarasa@gmail.com,GRAMARK PHARMACY (Nairobi),OKOTH AURA RD,PPB/G/297
3410,2062,joshuakitur@gmail.com,GRAND CHEMIST (Nairobi),nan,PPB/G/17
3411,2063,gracekanyi244@gmail.com,GRASHA PHARMA (Nairobi),OFF MFANGANO STREET,PPB/G/247
3412,2064,stephen.ngugi@outlook.com,GREAT TIMES CHEMIST (Nairobi),"EASTERN BYPASS,MIHANGO ROAD",PPB/G/1129
3413,2065,philipmukhisa@yahoo.com,GREEN COUNTY PHARMACY LTD (Nairobi),BAGAMOYO RD,PPB/G/213
3414,2066,naomimonyancha@yahoo.com,GREENDAM PHARMACY  (Nairobi),NASRA ESTATE,PPB/G/1275
3415,2067,davidyussuf@gmail.com,GREENSPAN CHEMISTS (Nairobi),RING ROAD KILIMANI,PPB/G/966
3416,2068,patrickchege@gmail.com,GRIFFINS PHARMACEUTICAL LTD (Nairobi),SPINE ROAD PLAZA,PPB/G/1106
3417,2069,john.yaa819@gmail.com,GUARDMANN CHEMIST (Nairobi),MCHUMBI ROAD,PPB/G/12
3418,2070,daniel.mukhisa6307@gmail.com,GUD PHARMACY (Nairobi),OFF DONHOLM ROAD,PPB/G/1013
3419,2071,lydia.musila9209@outlook.com,GUDTONS PHARMACY (Nairobi),SAVANNAH ROAD,PPB/G/1085
3420,2072,susannahmarube@gmail.com,GUIDE PHARMACEUTICAL  (Nairobi),OUTERING,PPB/G/239
3421,2073,carolinebenson@gmail.com,GUMMI PHARMACY,MOYALE -NAIROBI HIGHWAY,PPB/G/1331
3422,2074,joshua.ngui7201@gmail.com,GURUKRUPA PHARMACY LIMITED (Nairobi),ITESYO LANE,PPB/G/1121
3423,2075,elizabethodiwuor520@gmail.com,GY-VIPHARM PHARMACY (Nairobi),JUJA ROAD,PPB/G/1284
3424,2076,solomon.ngugi6452@gmail.com,HABEMUS PHARMACY (Nairobi),MUTARAKWA RD,PPB/H/
3425,2077,jesse.muli5108@gmail.com,HAJAR PHARMACY LIMITED (Nairobi),SECOND AVENUE,PPB/H/8980
3426,2078,noah.ochieng5261@gmail.com,HAKATI CHEMISTS (Nairobi),nan,PPB/H/27
3427,2079,rebekah.kisilu@gmail.com,HALANE PHARMACEUTICALS LIMITED (Nairobi),JAM STREET,PPB/H/1846
3428,2080,sarahkipngeno@gmail.com,HALLION PHARMACY (Nairobi),OFF KAMITI ROAD ZIMMERMAN,PPB/H/1561
3429,2081,elijah.cheruiyot5016@gmail.com,HALTONS LIMITED - BISHOP GATE (Nairobi),"5TH AVENUE, NGONG ROAD",PPB/H/8935
3430,2082,levi.musyoka2442@yahoo.com,HALTONS LIMITED - NGUMBA (Nairobi),EAST AFRICA BREWERIES ROAD,PPB/H/1520
3431,2083,ericdaniel@gmail.com,HALTONS LIMITED - TASSIA (Nairobi),TASSIA FEDHA ROAD,PPB/H/1475
3432,2084,sarah.kipchoge8776@gmail.com,HALTONS LTD - KAREN (Nairobi),NGONG ROAD,PPB/H/1457
3433,2085,elizabeth.njoroge@yahoo.com,HALTONS LTD - KASARANI (Nairobi),MWIKI ROAD,PPB/H/152 A
3434,2086,matthew.kiptoo1836@gmail.com,HALTONS LTD - PIPELINE (Nairobi),OUTER-RING ROAD,PPB/H/1450
3435,2087,abigail.kipchoge1439@yahoo.com,HALTONS LTD - SOUTH C (Nairobi),FIVESTAR ROAD,PPB/H/1464
3436,2088,erickgathogo763@gmail.com,HALTONS LTD- SOUTH B (Nairobi),KAPITI RD,PPB/H/444
3437,2089,timothy.marube4506@gmail.com,HANAANO PHARMACY (Nairobi),ATHUMAN KIPANGA,PPB/H/106
3438,2090,phoebekoech3510@yahoo.com,HANNAN PHARMACY (Nairobi),45/44ROUTE.OPP CATHOLIC CHURCH,PPB/H/1556
3439,2091,patrick.jelagat155@gmail.com,HARIPHARM PHARMACEUTICALS LTD -UMOJA (Nairobi),nan,PPB/H/73 \'A\'
3440,2092,martha.chepkwony2179@gmail.com,HARJU GHEMIST LIMITED (Nairobi),BOGANI ROAD,PPB/H/9003
3441,2093,joseph.shikuku1053@gmail.com,HARRICARE CHEMISTS (Nairobi),GATHURU ROAD,PPB/H/1604
3442,2094,ruth.mutua7720@gmail.com,HARRY AND STAN LIMITED (Nairobi),AIRPORT NORTH ROAD,PPB/H/9149
3443,2095,tabithamwanzia@outlook.com,HARTLANE PHARMACEUTICALS LTD - RIVER ROAD (Nairobi),RIVER ROAD,PPB/H
3444,2096,margaretjuma@gmail.com,HAZLET PHARMACY (Nairobi),KATANI ROAD,PPB/H/8896
3445,2097,ann.kibiwot660@gmail.com,HEALINGPORT PHARMACY (Nairobi),KAMITI ROAD,PPB/H/8952
3446,2098,hassanongeri@gmail.com,HEALINGRAY PHARMACY (Nairobi),MUTARAKWA ROAD,PPB/H/1537
3447,2099,marykarwitha513@gmail.com,HEALSENSE PHARMACEUTICALS LIMITED (Nairobi),ARGWINGS KODHEK ROAD,PPB/H/9147
3448,2100,naomikiragu144@gmail.com,HEALSTARCHEM PHARMACY (Nairobi),MOI DRIVE,PPB/H/8902
3449,2101,joanna.shikuku@outlook.com,HEALTH AID CHEMIST (Nairobi),MUTHITHI/MPAKA JUNCTION,PPB/H/1521
3450,2102,lucybiwott596@gmail.com,HEALTH GIVING CHEMISTS (Nairobi),MANYANJA ROAD,PPB/H/1588
3451,2103,samuel.kisilu373@gmail.com,HEALTHCARE PHARMACEUTICALS LTD-GIGIRI (Nairobi),"LIMURU ROAD, GIGIRI",PPB/H/454
3452,2104,rachel.otieno@gmail.com,HEALTHLINK PHARMACY  (Nairobi),OUTERING,PPB/H/461
3453,2105,danielratemo@gmail.com,HEALTHNET PHARMACY  (Nairobi),KAREN PLAINS RD,PPB/H/9073
3454,2106,jacob.ngui@gmail.com,HEALTHWAY CHEMIST  (Nairobi),nan,PPB/H/162
3455,2107,kelvin.morara527@gmail.com,HEALTHWAY LTD (Nairobi),nan,PPB/H/413
3456,2108,hellenabdullahi594@gmail.com,HEALTHWEST PHARMACY (Nairobi),BIMA RD,PPB/H/135
3457,2109,david.wainaina2609@gmail.com,HEALTHY DIAGNOSIS PHARMACY (Nairobi),OFF JUJA RD,PPB/H/436
3458,2110,nancybirgen651@gmail.com,HEALTHYVIBE PHARMACY (Nairobi),KANISANI ROAD,PPB/H/8962
3459,2111,benardndegwa206@gmail.com,HEKIMA TOWN CHEMIST (Nairobi),THIKA RD,PPB/H/1467
3460,2112,jacksonwabomba@gmail.com,HENTA PHARMACY LTD (Nairobi),MOI DRIVE,PPB/H/8986
3461,2113,janetbakari@gmail.com,HEYLUS CHEMIST (Nairobi),NORTHERN BYPASS,PPB/H/1618
3462,2114,joanmuia@gmail.com,HIGHPHARM PHARMACEUTICALS LIMITED -MERINIKO (Nairobi),OFF MOI DRIVE,PPB/H/118B
3463,2115,kennedywere@gmail.com,HIGHPHARM PHARMACEUTICALS LTD-NYANDO STAGE (Nairobi),BERGAIN RD,PPB/H/410 C
3464,2116,iankiplimo811@gmail.com,HIGHRIDGE PHARMACY LIMITED - KRISHNA PARK (Nairobi),3RD PARKLANDS,PPB/H/8921
3465,2117,margaret.julius429@gmail.com,HIGHRIDGE PHARMACY LTD (Nairobi),3RD PARKLANDS AVENUE,PPB/H/29
3466,2118,edwinkhaemba@gmail.com,HIGHTONE PHARMACIES LIMITED-MOWLEM (Nairobi),MOI DRIVE,PPB/H/1581
3467,2119,jonathanmuthama@gmail.com,HIGHTONE PHARMACIES-NAIROBI WEST (Nairobi),LANGATA ROAD,PPB/H/1603
3468,2120,collinssaid452@gmail.com,HIJAZ PHARMACEUTICALS  LTD  -SALAMA BULDING (Nairobi),7TH STREET,PPB/AH/482
3469,2121,nathan.mokua4069@gmail.com,HIKMAS PHARMA LTD (Nairobi),5TH 2ND AV,PPB/H/270
3470,2122,fredrick.nyanchama565@gmail.com,HILLCARE PHARMACEUTICALS (Nairobi),BURUBURU ROAD,PPB/H/1620
3471,2123,lilian.jeruto47@gmail.com,HILLS PHARMACEUTICALS (Nairobi),LIMURU ROAD,PPB/H/439
3472,2124,richard.gakii36@gmail.com,HILLYCHEM PHARMACY-NAIROBI (Nairobi),MUKOMA ROAD,PPB/H/465
3473,2125,benardmurugi828@gmail.com,HORSET PHARMACY LIMITED (Nairobi),BEHIND ALHIDAYA MOSQUE,PPB/H/8965
3474,2126,felixwechuli246@gmail.com,HOSICHEM LTD (Nairobi),LENANA ROAD,PPB/H/8978
3475,2127,deborah.marube@gmail.com,HOSPHARM HEALTHCARE LIMITED (Nairobi),BUILDING/ PLOT L R 359 ROAD KOMAROCK ROA,PPB/H/8928
3476,2128,solomon.ongeri@gmail.com,HOSSANA CHEMIST (Nairobi),GATHERU RD,PPB/H/138
3477,2129,estherkamau3204@gmail.com,HOST PHARMACY (Nairobi),nan,PPB/H/13
3478,2130,liliankomora@gmail.com,HUMANE PHARMACEUTICALS (Nairobi),OUTERING ROAD,PPB/H/8899
3479,2131,irenenganga429@gmail.com,HUMANE PHARMACEUTICALS LTD - FEDHA (Nairobi),MWALIMU DRIVE,PPB/H/8970
3480,2132,nathan.mogaka3241@gmail.com,HYCHEM PHARMACEUTICALS (Nairobi),GARDEN ESTATE RD,PPB/H/98
3481,2133,christinegathoni292@gmail.com,HYPER PHARMACY (Nairobi),NGONG ROAD,PPB/H/95
3482,2134,simonkipleting460@gmail.com,IBIZA PHARMACY (Nairobi),KABIRIA RD,PPB/I/124
3483,2135,irenewangeci566@gmail.com,IMMEDIATE CARE PHARMACY,OFF NAKURU-NAIROBI ROAD,PPB/I/10240
3484,2136,markgichuru7175@gmail.com,INFILMEDS PHARMACY (Nairobi),KANGARU ROAD,PPB/I/10184
3485,2137,samuelkung'u261@gmail.com,INKAMED PHARMACEUTICALS LIMITED-RUBIS LANGATA (Nairobi),LANGATA ROAD,PPB/I/10230
3486,2138,richardmusimbi@gmail.com,INKAMED PHARMACEUTICALS LTD-UCHUMI  AGA KHAN WALK (Nairobi),AGA KHAN WALK,PPB/I/10137
3487,2139,kevinmaluki@gmail.com,INKAMED PHARMACEUTICALS NEXTGEN MALL (Nairobi),MOMBASA ROAD,PPB/I/10144
3488,2140,cynthia.mogere492@gmail.com,INNERCORE PHARMACY-NAIVASHA (Nairobi),MOI DRIVE,PPB/I/76
3489,2141,sarahireri@gmail.com,INSTANT PHARMACY (Nairobi),NGONG ROAD,PPB/I/10140
3490,2142,thaddeusomari@gmail.com,INTEL PHARMACEUTICALS (Nairobi),MWIKI RD,PPB/I/127
3491,2143,hannah.wamalwa@gmail.com,INTERCARE PHARMACY (Nairobi),SAVANNA ROAD,PPB/I/10146
3492,2144,titus.ngui@outlook.com,INTERPHASE PHARMACEUTICALS LIMITED (Nairobi),UTAWALA ROAD,PPB/I/10196
3493,2145,lydia.muli@outlook.com,IPOPHARM LTD - KITENGELA (Nairobi),UPPERHILL,PPB/I/123
3494,2146,elijah.wamalwa6108@gmail.com,JACAD MEDPOINT (Nairobi),TASSIA ROAD,PPB/J/738
3495,2147,elisha.omari@gmail.com,JACARANDA CHEMIST - PANGANI BRANCH (Nairobi),FAIRVIEW STREET,PPB/J/580
3496,2148,lucymogire@gmail.com,JACKEVA PHARMACY LTD (Nairobi),FEDHA ROAD,PPB/J/207
3497,2149,susanwanyonyi@gmail.com,JACMUCARE CHEMIST (Nairobi),DESAI ROAD,PPB/J/1104
3498,2150,adam.omollo@yahoo.com,JADLYNE CHEMIST (Nairobi),KAMITI ROAD,PPB/J/1040
3499,2151,danielkipruto9091@yahoo.com,JAGEM CHEMIST (Nairobi),UTAWALA- GITHUNGURI ROAD,PPB/J/666
3500,2152,mosesonyango@gmail.com,JAIT PHARMACY (Nairobi),LUMUMBA DRIVE,PPB/J/370
3501,2153,mary.kariuki4446@gmail.com,JAMLINK PHARMACY (Nairobi),WOODSTREET,PPB/J/1056
3502,2154,evans.menza374@gmail.com,JAMON CHEMIST (Nairobi),KARURA STREET,PPB/J/429
3503,2155,hannah.ruto4874@gmail.com,JANIAN DISPENSING CHEMIST (Nairobi),SASUMUA,PPB/J/113
3504,2156,aliwambua62@gmail.com,JANKIN PURE MEDPLUS GROUP KENYA LIMITED (Nairobi),18TH STREET,PPB/J/090
3505,2157,levimuli4773@gmail.com,JANPHARM PHARMACEUTICALS (Nairobi),ICIPE RD,PPB/J/373
3506,2158,noahwamalwa@outlook.com,JASTE TOP PHARMACEUTICAL SUPPLIERS LTD-MARINGO (Nairobi),RUKWA RD,PPB/J/174
3507,2159,jacklinemzungu554@gmail.com,JATESPHARM CHEMIST (Nairobi),OFF KASARANI MWIKI ROAD,PPB/J/1059
3508,2160,susannahkariuki@yahoo.com,JATRIM CHEMIST (Nairobi),MURANG'A ROAD,PPB/J/671
3509,2161,francis.ombui358@gmail.com,JELCARE CHEMIST-NAIROBI (Nairobi),OUTERING ROAD,PPB/J/263
3510,2162,joannaouma@gmail.com,JEMAC PHARMACY (Nairobi),GITHUNGURI ROAD,PPB/J/636
3511,2163,aliwamuyu454@gmail.com,JEMAMED PHARMACY (Nairobi),AMBOSELI ROAD,PPB/J/1115
3512,2164,isaaccherono4648@yahoo.com,JERUSALEM DISPENSING CHEMISTS (Nairobi),DANDORA PHASE 1,PPB/J/08
3513,2165,calebkariuki@gmail.com,JIMSTAR PHARMACY-NGONG ROAD (Nairobi),NGONG ROAD,PPB/J/396
3514,2166,cynthiamohammed@gmail.com,JINCHEM PHARMACEUTICAL (Nairobi),BARINGO ROAD,PPB/J/660
3515,2167,lydia.wambura318@gmail.com,JOBBS PHARMACY-GITHURAI (Nairobi),NGUMBA ROAD,PPB/J/213
3516,2168,faith.ndirangu62@gmail.com,JOCARE PHARMACY (Nairobi),ACCRA/DUBOIS ROAD,PPB/J/2156
3517,2169,jacob.wekesa@gmail.com,JOFLOSTA INVESTMENTS LIMITED,NAIROBI,PPB/J/9133
3518,2170,deborah.ouko1507@gmail.com,JOINT  JUMAIRA  CENTER (Nairobi),OLE SHAPARA ROAD,PPB/J/1178
3519,2171,aaron.chebet@gmail.com,JOLICHEM PHARMACY LTD-BROWN HSE (Nairobi),NORTH AIRPORT RD,PPB/J/232
3520,2172,edwinmutwiri405@gmail.com,JOMAC PHARMACEUTICALS (Nairobi),nan,PPB/J/358
3521,2173,beatricendolo180@gmail.com,JOMU PHARMACEUTICAL (Nairobi),KAWANGWARE 46,PPB/J/325
3522,2174,victormorara704@gmail.com,JONAM INTEGRATED CENTRE (Nairobi),FEDHA ROAD,PPB/J/1173
3523,2175,collins.muchemi452@gmail.com,JOPHYCARE PHARMACY (Nairobi),SPORTSVIEW ROAD,PPB/J/9070
3524,2176,solomonkiptoo@gmail.com,JOSPI CHEMIST (Nairobi),COSMAS NDETI ROAD,PPB/J/645
3525,2177,jonathan.wekesa@gmail.com,JOSTEEN CHEMIST (Nairobi),RUKWA ROAD,PPB/J/737
3526,2178,noah.mudavadi5086@gmail.com,JOWATMED CHEMIST (Nairobi),RIVER ROAD,PPB/J/1041
3527,2179,amosshikuku449@gmail.com,JOYLINE CHEMIST - KAHAWA WEST (Nairobi),FARMERS\' CHOICE ROAD,PPB/J/398
3528,2180,marynzioka43@gmail.com,JOYPHARM CHEMIST (Nairobi),ZIMMERMAN,PPB/J/336
3529,2181,mark.mochoge2561@gmail.com,JUBBALINK PHARMACY (Nairobi),7TH STREET,PPB/J/137
3530,2182,sarah.kipruto@gmail.com,JUBEN PHARMACY (Nairobi),KABIRIA ROAD,PPB/J/608
3531,2183,erick.sammy672@gmail.com,JUJA ARCADE PHARMACY- GITHURAI 44 BRANCH (Nairobi),NGUMBA ROAD,PPB/J/1160
3532,2184,micahnanjala5742@outlook.com,JUL MEDICARE CHEMIST (Nairobi),OUTERING ROAD,PPB/J/698
3533,2185,ethannyakundi@outlook.com,JULIMER INTERNATIONAL LTD (Nairobi),KIKUYU RD,PPB/J/151
3534,2186,edwinonsongo@gmail.com,JUNCTION PHARMACY COMPANY LTD (Nairobi),RALPH BUNCHE ROAD,PPB/J/1087
3535,2187,stephenkaranja865@gmail.com,JUST PINK PHARMACY (Nairobi),KIMATHI STREET,PPB/J/676
3536,2188,julius.kimanzi288@gmail.com,JUSTCARE PHARMACY  (Nairobi),KIGUATHI RD,PPB/J/701
3537,2189,fatumasoi491@gmail.com,JYMOKA CHEMIST-WA MBUTITI HSE (Nairobi),SALIM RD,PPB/J/132
3538,2190,elizabeth.kipsang9325@yahoo.com,KAISER MEDICATE PHARMACY (Nairobi),LIKONI,PPB/K/1021
3539,2191,elijahkipruto@gmail.com,KALACARE (Nairobi),ZIMMERMAN,PPB/K/1141
3540,2192,sethbarasa3380@yahoo.com,KALAMAN LIMITED (Nairobi),TENTH STREET SECOND AVENUE,PPB/K/7368
3541,2193,ezekielouma@gmail.com,KAM PHARMACY LTD - KIMATHI STREET (Nairobi),KIMATHI STREET,PPB/K/158 A
3542,2194,jude.mwangi6108@gmail.com,KAM PHARMACY LTD - WESTLANDS (Nairobi),MPAKA RD,PPB/K/158 B
3543,2195,silasratemo7799@gmail.com,KAM PHARMACY LTD- HARAMBEE AVENUE (Nairobi),nan,PPB/K/158 C
3544,2196,elizabeth@jungopharm.com,Elizabeth test pharmacy ,afya record,
3545,2197,pharmaric@gmail.com,PharmaRic Distributors,South C,
3546,2198,themuthamihospital@gmail.com,MUTHAMI FAMILY HOSPITAL ,GATHIGA ,
