address,name,email,first_name,last_name,new_email
LATEMA ROAD,MTALIANO PHARMACEUTICALS LIMITED (Nairobi),micah42@yahoo.com,Micah,Ochieng,micah.ochieng7647@outlook.com
38 MUTHANGARI ROAD,SAINARD PHARMACEUTICALS LIMITED (Nairobi),miriam16@gmail.com,Miriam,Gichuru,miriam.gichuru2447@gmail.com
KAMITI ROAD,WEST CONGO PHARMACY LIMITED (Nairobi),wcnair@yahoo.com,Paul,Owino,paul.owino@gmail.com
WANYEE ROAD,ABIJO PHARMACY- WANYEE (Nairobi),elisha@yahoo.com,Elisha,Kiptoo,elishakiptoo@gmail.com
00206-176,ABM PHARMACY (NGARA STAGE) (Nairobi),grace@gmail.com,Grace,Shikuku,graceshikuku6874@gmail.com
MACHARIA ROAD,ABM PHARMACY LIMITED (Nairobi),apnair@gmail.com,Reuben,Kamau,reubenkamau4127@outlook.com
KOMAROCK ROAD,ACCIPITRIDAE CHEMIST (Nairobi),ruthr@yahoo.com,Ruth,Cherono,ruthcherono@gmail.com
SPINE RD,ACCRA PHARMACY LTD - OPPOSITE MLK HOSP (Nairobi),naomi@gmail.com,Naomi,Mochoge,naomimochoge7845@gmail.com
HAKATI ROAD,ACCRA PHARMACY LTD HAKATI (Nairobi),adam@yahoo.com,Adam,Mogaka,adammogaka8270@gmail.com
ACCRA ROAD,ACCRA-MED CHEMISTS LIMITED (Nairobi),elizabeth93@yahoo.com,Elizabeth,Gichuru,elizabeth.gichuru@gmail.com
NAIVASHA ROAD,ACE CARE PHARMACEUTICALS  (Nairobi),acnair@yahoo.com,Hannah,Wanjiru,hannah.wanjiru2924@gmail.com
MWIKI ROAD,ACESO PHARMACY WELLNESS PHARMACY KASARANI (Nairobi),ethan80@gmail.com,Ethan,Lusaka,ethan.lusaka1994@gmail.com
BREWERIES,ADONISI PHARMACEUTICALS (Nairobi),miriam@yahoo.com,Miriam,Khisa,miriamkhisa6550@gmail.com
OUTERING ROAD,AFYACARE PHARMA (Nairobi),apnair@yahoo.com,Aaron,Musila,aaronmusila@gmail.com
KANGUNDO,"AGA KHAN HEALTH  SERVICES,KENYA-RUAI (Nairobi)",peterr@gmail.com,Peter,Musyoka,peter.musyoka@yahoo.com
,"AGA KHAN HEALTH SERVICES,KENYA - HOMA BAY (Nairobi)",aknair@yahoo.com,Phoebe,Kiptoo,phoebe.kiptoo@gmail.com
AGOI RD PANGANI,AJWA PHARMACEUTICALS LIMITED (Nairobi),davidr@gmail.com,David,Mutua,david.mutua@gmail.com
2ND AVENUE,AL-AQSA DISPENSING CHEMIST (Nairobi),philip55@gmail.com,Philip,Kipsang,philip.kipsang7037@gmail.com
MUGO KIARIE PARKROAD,ALANE PHARMACY LTD (Nairobi),deborahr@yahoo.com,Deborah,Wanjiru,deborah.wanjiru@gmail.com
5TH STREET,ALIF MEDICAL SERVICES LIMITED (Nairobi),amnair@yahoo.com,Caleb,Wanyama,calebwanyama@gmail.com
HUNTERS,ALISON AGROCHEM CHEMISTS LIMITED (Nairobi),aanair@yahoo.com,David,Kilonzo,david.kilonzo@gmail.com
HAMZA RD,ALKEN PHARMACEUTICALS LTD (Nairobi),susannahr@yahoo.com,Susannah,Khisa,susannahkhisa8305@gmail.com
OFF MUTARAKWA ROAD,ALLGREEN PHARMACEUTICALS (Nairobi),ezekiel@gmail.com,Ezekiel,Kipsang,ezekiel.kipsang9053@outlook.com
GLADYS GIRLS HIGH SCHOOL,ALLPHARM CHEMIST (Nairobi),priscillar@gmail.com,Priscilla,Omari,priscilla.omari@gmail.com
UTAWALA-GITHUNGURI RD,ALPHAMED DESPENSING CHEMIST (Nairobi),adnair@yahoo.com,Barnabas,Cheruiyot,barnabas.cheruiyot@gmail.com
MOI DRIVE,ALPRECO DISPENSING CHEMIST (Nairobi),mary@yahoo.com,Mary,Nyakundi,marynyakundi@gmail.com
NAIROBI KARATINA HIGHWAY,ALTITUDE PHARMACY,abigail@yahoo.com,Abigail,Odinga,abigailodinga5862@gmail.com
,ALUMIX HEALTHCARE LIMITED - (Nairobi),ahnair@yahoo.com,Abraham,Okello,abrahamokello@gmail.com
MARKET ROAD,ALVODEV PHARMACEUTICALS LIMITED (Nairobi),abigail13@yahoo.com,Abigail,Kariuki,abigail.kariuki8998@yahoo.com
CHURCH ROAD,AMARANDA PHARMACY (Nairobi),samuel67@yahoo.com,Samuel,Kariuki,samuel.kariuki@gmail.com
SPINE ROAD,AMICARE CHEMISTS (Nairobi),acnair@gmail.com,Matthew,Mwanzia,matthew.mwanzia2212@gmail.com
MOI DRIVE,ANGELIC STAR PHARMACY (Nairobi),asnair@gmail.com,Grace,Lusaka,grace.lusaka@gmail.com
UHURU ROAD,ANNOINTED PHARMACEUTICALS LTD-MUTHIGA STAGE (Nairobi),elishar@gmail.com,Elisha,Odinga,elisha.odinga4251@yahoo.com
THIRD PARKLANDS AVENUE,APOCARE PHARMACY LIMITED (Nairobi),hannah@yahoo.com,Hannah,Kisilu,hannah.kisilu2824@gmail.com
MARKET ROAD,APOLLO MEDICARE(K) LTD (Nairobi),tabitha48@yahoo.com,Tabitha,Kilonzo,tabithakilonzo8798@outlook.com
LANGATA RD,APPLEGENE PHARMACY LTD (Nairobi),joshua76@yahoo.com,Joshua,Mochoge,joshuamochoge@gmail.com
MATHARE NORTH ROAD,ARABICA CHEMISTS-KASARANI (Nairobi),daniel58@yahoo.com,Daniel,Muli,daniel.muli8340@gmail.com
FEDHA ROAD TASSIA,ARYA PHARMACEUTICALS (Nairobi),isaac@yahoo.com,Isaac,Onyango,isaac.onyango9137@gmail.com
GINGURI UTAWALA ROAD,ASHOKEM PHARMACEUTICALS (Nairobi),stephen52@yahoo.com,Stephen,Kipsang,stephenkipsang6872@gmail.com
OLE SANGALE ROAD,ASTRAVALE PHARMACEE LTD (Nairobi),peter53@gmail.com,Peter,Odhiambo,peter.odhiambo@gmail.com
GENERAL MATHENGE DRIVE,AURA HEALTHCARE LIMITED (Nairobi),elisha@gmail.com,Elisha,Mudavadi,elishamudavadi@gmail.com
KAREN-NGONG,AVA PHARMACY LIMITED (Nairobi),jesser@yahoo.com,Jesse,Njoroge,jessenjoroge@gmail.com
12 TH,AWALE II PHARMACEUTICALS LTD (Nairobi),moses@yahoo.com,Moses,Odhiambo,mosesodhiambo2604@gmail.com
NAIROBI ROAD,AWASICARE PHARMACY,joanna@yahoo.com,Joanna,Ouko,joannaouko3724@gmail.com
KATANI ROAD,BADGE PHARMACY (Nairobi),bpnair@gmail.com,Bartholomew,Barasa,bartholomewbarasa@gmail.com
FIFTH STREET,BAHRAIN PHARMA LIMITED (Nairobi),gabriel91@gmail.com,Gabriel,Musyoka,gabriel.musyoka@gmail.com
,BALKAM PHARMACEUTICALS (Nairobi),aaron@gmail.com,Aaron,Cheruiyot,aaroncheruiyot9781@yahoo.com
WAWERU ROAD,BAMCHEM PHARMACY-NAIROBI (Nairobi),bpnair@yahoo.com,Rachel,Mutua,rachel.mutua5308@gmail.com
KAMITI ROAD,BANADOZ PHARMACEUTICALS (Nairobi),isaac31@gmail.com,Isaac,Ochieng,isaacochieng8922@gmail.com
JAM STREET,BARAKAAT CHEMIST LIMITED- USHIRIKA (Nairobi),abraham@yahoo.com,Abraham,Ongeri,abraham.ongeri4914@gmail.com
KIPANGA ATHUMANI ROAD,BARAKAAT CHEMIST LTD (Nairobi),bcnair@gmail.com,Priscilla,Omollo,priscillaomollo@gmail.com
KIPANDE ATHUMANI,BARIYOW MEDICAL CENTRE LTD (Nairobi),samuel@yahoo.com,Samuel,Wainaina,samuel.wainaina7503@gmail.com
KAMITI ROAD,BASE DRUG PHARMACY (Nairobi),bdnair@yahoo.com,Priscilla,Wekesa,priscilla.wekesa@gmail.com
BIMA ROAD,BASE PHARMACEUTICALS (Nairobi),rebecca76@gmail.com,Rebecca,Musyoka,rebecca.musyoka@gmail.com
MOMBASA ROAD,BEKY HOLDING PHARMACY LTD (Nairobi),bhnair@yahoo.com,Ethan,Ratemo,ethan.ratemo1927@gmail.com
LIMURU ROAD,BEKY HOLDINGS PHARMACY (Nairobi),paul@yahoo.com,Paul,Ochieng,paul.ochieng@gmail.com
KANGUNDO ROAD,BENCHMARK PHARMACY (Nairobi),isaiah@yahoo.com,Isaiah,Ochieng,isaiahochieng@gmail.com
KANGUNDO ROAD,BEVCO PHARMACEUTICAL (Nairobi),marthar@yahoo.com,Martha,Wekesa,marthawekesa9369@gmail.com
MANYANJA ROAD,BEVEL CHEMIST-UMOJA II (Nairobi),jacob@yahoo.com,Jacob,Muthama,jacobmuthama571@gmail.com
NGARA ROAD,BHAVESH CHEMIST (MAIN) (Nairobi),joannar@yahoo.com,Joanna,Ngugi,joannangugi2446@gmail.com
NGARA ROAD,BHAVESH CHEMIST (TOMFRANK) (Nairobi),bcnair@yahoo.com,Bartholomew,Mwanzia,bartholomewmwanzia@gmail.com
MFANGANO ST,BIBO PHARMACEUTICALS LTD-MFANGANO (Nairobi),martha@gmail.com,Martha,Gichuru,marthagichuru@gmail.com
JOGOO ROAD,BIG BROTHERS CHEMIST (Nairobi),naomi57@yahoo.com,Naomi,Wekesa,naomi.wekesa@gmail.com
MANYANJA ROAD,BIGSTAR PHARMACY (Nairobi),paul@gmail.com,Paul,Shikuku,paulshikuku4581@gmail.com
JUAKALI RD,BIOLIVE CHEMIST (Nairobi),nathan80@yahoo.com,Nathan,Wanjiru,nathan.wanjiru@gmail.com
NYAYO,BITAB PHARMACY (Nairobi),titusr@gmail.com,Titus,Mochoge,titus.mochoge@gmail.com
KLARIE HIHU ROAD 8,BIYON HEALTH CARE LIMITED (Nairobi),elijahr@yahoo.com,Elijah,Shikuku,elijahshikuku435@gmail.com
ELDORET ROAD,BLESSED JAB (Nairobi),bjnair@yahoo.com,Rebecca,Gichuru,rebeccagichuru7747@outlook.com
NGARA,BLIXEN PHARMA LTD (Nairobi),miriam@gmail.com,Miriam,Wanyama,miriamwanyama9484@gmail.com
NAIVASHA ROAD,BLUE OCEAN PHARMACEUTICALS (Nairobi),elizabeth73@yahoo.com,Elizabeth,Wanyama,elizabeth.wanyama@gmail.com
KAMUNDE RD,BLURACE CHEMIST (Nairobi),rebeccar@yahoo.com,Rebecca,Kamau,rebecca.kamau2869@gmail.com
CDF ROAD OFF MANYAJA ROAD,BON SANTE PHARMACEUTICALS LTD  (Nairobi),elizabethr@gmail.com,Elizabeth,Nyakundi,elizabeth.nyakundi@outlook.com
EASTERN BYPASS,BONFAITH HEALTHCARE LIMITED-HURUMA (Nairobi),esther50@gmail.com,Esther,Omollo,estheromollo@outlook.com
METAMETA ROAD,BREAMS PHARMACARE (Nairobi),susannah@gmail.com,Susannah,Chebet,susannahchebet7984@gmail.com
WANYEE ROAD,BRIGHT HOPE PHARMACEUTICAL (Nairobi),eve82@yahoo.com,Eve,Odhiambo,eve.odhiambo@gmail.com
6THSTREET,BRIXTONES PHARMACEUTICALS (Nairobi),eve65@gmail.com,Eve,Wangari,eve.wangari@outlook.com
OFF OUTER RING RD,BROMS CHEMIST (Nairobi),levi72@yahoo.com,Levi,Omari,levi.omari@yahoo.com
MIRIAMS RD,BUDGET PHARMACEUTICAL LTD (Nairobi),deborah73@gmail.com,Deborah,Odhiambo,deborah.odhiambo5165@gmail.com
ELDORET-NAIROBI ROAD,BUDGET PHARMACEUTICALS LIMITED-(JAMBONI),priscilla@yahoo.com,Priscilla,Cherono,priscilla.cherono1069@gmail.com
MUINAMI STREET,BULALE MEDICAL AND PHARMACY (Nairobi),bmnair@yahoo.com,Miriam,Mudavadi,miriammudavadi5778@gmail.com
,BWINA PHARMACEUTICALS (Nairobi),priscilla58@yahoo.com,Priscilla,Kipsang,priscilla.kipsang6807@outlook.com
MOMBASA ROAD,BYPASS PHARM CHEMIST (Nairobi),delilah@yahoo.com,Delilah,Lusaka,delilah.lusaka8649@gmail.com
CROSS RD,CABEN PHARMACY (Nairobi),cpnair@yahoo.com,Seth,Shikuku,seth.shikuku7482@yahoo.com
8TH STREET,CALIFORNIA MEDICAL POINT LTD (Nairobi),cmnair@yahoo.com,Hannah,Ratemo,hannah.ratemo2049@yahoo.com
MUMIAS SOUTH SOUTH ROAD,CANAAN PHARMACEUTICALS LTD -PETOSAM HOUSE (Nairobi),bartholomew39@yahoo.com,Bartholomew,Ratemo,bartholomew.ratemo2844@gmail.com
UTAWALA BYPASS,CANTONS CHEMIST (Nairobi),gabrielr@yahoo.com,Gabriel,Odhiambo,gabriel.odhiambo33@gmail.com
SAIKA ESTATE OFF KANGUNDO ROAD,CAPERNAUM CHEMIST (Nairobi),ccnair@yahoo.com,Daniel,Ouko,danielouko8969@gmail.com
FLATS ROAD,CARE MORE PHARMACY (Nairobi),john97@yahoo.com,John,Kamau,john.kamau@gmail.com
PIPELINE ROAD NAIROBI,CAREWELL PHARMACY (Nairobi),cpnair@gmail.com,Jacob,Mukhisa,jacob.mukhisa7588@gmail.com
LIMURU ROAD,CARLTONS CHEMIST LTD-LIMURU RD (Nairobi),abigail@gmail.com,Abigail,Machogu,abigailmachogu5409@gmail.com
TOM MBOYA STREET,CEDAR PHARMCARE LTD - TOM MBOYA STREET (Nairobi),samuel@gmail.com,Samuel,Kipruto,samuel.kipruto@gmail.com
SAVANNAH ROAD,CELA LIMITED (Nairobi),noah38@yahoo.com,Noah,Omari,noahomari3920@gmail.com
JOGOO ROAD,CELMAR CHEMIST (Nairobi),ccnair@gmail.com,Rebekah,Mokua,rebekahmokua3484@outlook.com
OUTERING RD,CELYDA PHARMACY (Nairobi),gracer@yahoo.com,Grace,Mukhisa,gracemukhisa6582@gmail.com
LIMURU,CENTURION PHARMACY (Nairobi),david@yahoo.com,David,Nyakundi,david.nyakundi@yahoo.com
OUTERING ROAD,CESSCHEM PHARMACEUTICALS- EMBAKASI (Nairobi),rebecca@gmail.com,Rebecca,Kipchoge,rebeccakipchoge3905@gmail.com
UTAWALA GITUNGULI,CETAMOL PHARMACY (Nairobi),elijahr@gmail.com,Elijah,Wainaina,elijahwainaina@gmail.com
SPINE ROAD,CETAMOL PHARMACY CHOKAA (Nairobi),grace@yahoo.com,Grace,Cherono,grace.cherono6686@yahoo.com
UMOJA 2,CHALEMWAS PHARMACY LTD (Nairobi),gabriel@yahoo.com,Gabriel,Wangari,gabrielwangari@outlook.com
LANGATA ROAD,CHARZEL HEALTH CHEMIST (Nairobi),chnair@yahoo.com,Joshua,Owino,joshuaowino@gmail.com
TOM MBOYA,CHASTED CHEMIST (Nairobi),aaron88@yahoo.com,Aaron,Wanyama,aaron.wanyama4704@gmail.com
MWIKI ROAD,CHEDOC PHARMACY (Nairobi),joshua64@yahoo.com,Joshua,Mutua,joshua.mutua5696@gmail.com
MUMIAS SOUTH ROAD,CHEMMART PHARMACY (Nairobi),thaddeus@gmail.com,Thaddeus,Wangari,thaddeuswangari9993@gmail.com
OFF MWIKI RD,CHEMWORLD PHARMACY - MWIKI RD (Nairobi),miriam91@gmail.com,Miriam,Kipsang,miriam.kipsang@gmail.com
OFF KAMITI ROAD,CHEMWORLD PHARMACY -ZIMMERMAN (Nairobi),phoebe@gmail.com,Phoebe,Ruto,phoebe.ruto2442@gmail.com
KISUMU /NAIROBI STREAT,CHRISPALAH CHEMIST _KISUMU,cc_kis@yahoo.com,Joanna,Kariuki,joannakariuki2736@gmail.com
"RHAPTA ROAD, WESTLANDS",CITY GATE PHARMACY LTD (Nairobi),cgnair@yahoo.com,Luke,Gichuru,luke.gichuru6510@gmail.com
3RD PARKLANDS AVENUE,CITY MED PHARMACY LIMITED-RIDGE COURT  (Nairobi),cmnair@gmail.com,Tabitha,Cheruiyot,tabitha.cheruiyot428@yahoo.com
KARIOBANGI SOUTH,CITY VIEW CHEMIST (Nairobi),ruth@yahoo.com,Ruth,Kivutha,ruthkivutha@gmail.com
BURUBURU,CKS DIALYSIS CENTRE LTD-BURUBURU (Nairobi),miriam60@yahoo.com,Miriam,Monyancha,miriammonyancha8401@outlook.com
OFF JUJA ROAD CHAI ROAD AT THE JUNCTION,CKS DIALYSIS CENTRE LTD-PANGANI (Nairobi),leah9@gmail.com,Leah,Wainaina,leahwainaina8485@gmail.com
MOI DRIVE,CLARIPHARM PHARMACEUTICALS LTD -UMOJA (Nairobi),reuben@gmail.com,Reuben,Wanjiru,reuben.wanjiru@yahoo.com
LANG\\\'ATA ROAD,COLMED PHARMACEUTICALS LIMITED-LANGATA (Nairobi),titus86@yahoo.com,Titus,Koech,tituskoech@gmail.com
OFF OUTERING RD,CONNECTIONS DESPENSING CHEMIST LTD (Nairobi),caleb13@gmail.com,Caleb,Odinga,caleb.odinga7202@yahoo.com
STREET PARKLANDS ROAD,CORNER PHARMACY LIMITED (Nairobi),leah82@gmail.com,Leah,Muiruri,leah.muiruri1820@yahoo.com
AOKO ROAD,COSBY AND HEIRS PHARMACY  (Nairobi),canair@yahoo.com,Jacob,Wainaina,jacobwainaina@gmail.com
KIKUYU ROAD,COSIGN CHEMIST (Nairobi),abraham@gmail.com,Abraham,Musila,abrahammusila2695@gmail.com
MWANGAZA RD,D-CHEM PHARMACEUTICAL LIMITED (Nairobi),dpnair@yahoo.com,Leah,Marube,leah.marube8120@outlook.com
NGONG ROAD,DAHLIA PHARMACY LIMITED (Nairobi),rachel@gmail.com,Rachel,Gichuru,rachel.gichuru@gmail.com
NAIVASHA ROAD,DAJIM PHARMACY (Nairobi),jesse@yahoo.com,Jesse,Mutua,jessemutua@outlook.com
OUTER RING ROAD,DALCAMED LIMITED - DONHOLM BRANCH (Nairobi),philip@gmail.com,Philip,Khisa,philip.khisa@gmail.com
COSMAS NDETEI ROAD,DALCAMED LIMITED - IMARA DAIMA BRANCH (Nairobi),dlnair@yahoo.com,Noah,Muli,noahmuli@gmail.com
MWANGAZA ROAD,DAM CARE PHARMACEUTICALS LIMITED (Nairobi),gracer@gmail.com,Grace,Kisilu,grace.kisilu5509@gmail.com
KOINANGE STREET,DAMCO PHARMA LIMITED (Nairobi),dpnair@gmail.com,Zachary,Mukhisa,zachary.mukhisa1166@gmail.com
KANGUNDO RD,DAMUKU PHARMACEUTICALS LTD (Nairobi),sarah@gmail.com,Sarah,Ochieng,sarahochieng@gmail.com
WAIYAKI WAY,DAN PHARMACIE LIMITED-KANGEMI (Nairobi),sarah70@yahoo.com,Sarah,Koech,sarahkoech@gmail.com
DURUMA ROAD,DANCHEM PHARMACY LIMITED - NAIROBI CBD (Nairobi),abrahamr@gmail.com,Abraham,Mutua,abrahammutua@gmail.com
UTAWALA RD,DANNES PHARMACY LTD - UTAWALA (Nairobi),esther@yahoo.com,Esther,Nanjala,esther.nanjala@gmail.com
KAMUNDE ROAD,DARNOPHARM CHEMIST (Nairobi),dcnair@yahoo.com,Reuben,Ouma,reuben.ouma5916@gmail.com
LANDHIES ROAD,DAROMA CHEMIST (Nairobi),zachary@yahoo.com,Zachary,Lusaka,zachary.lusaka@gmail.com
SAVANNA ROAD,DATCHE PHARMACEUTICALS (Nairobi),ruth@gmail.com,Ruth,Ruto,ruth.ruto4277@gmail.com
GITANGA ROAD,DAVRY PHARMACEUTICALS (Nairobi),ethan@gmail.com,Ethan,Mwanzia,ethan.mwanzia@gmail.com
OFF JUJA ROAD,DEFINO PHARMACY (Nairobi),phoebe@yahoo.com,Phoebe,Wekesa,phoebewekesa3809@gmail.com
NAIROBI KISERIAN ROAD,DELAM CHEMIST,dcchem@yahoo.com,Rachel,Odinga,rachel.odinga3180@gmail.com
KIBARAGE,DELCHEM PHARMACY (Nairobi),nathan@yahoo.com,Nathan,Wangari,nathanwangari5245@outlook.com
RABAI ROAD,DELTON PHARMACEUTICAL LIMITED (Nairobi),samuelr@yahoo.com,Samuel,Ngugi,samuel.ngugi@yahoo.com
VILLAGE STREET,DENSON CHEMIST (Nairobi),dcnair@gmail.com,Ruth,Marube,ruthmarube@gmail.com
MONDLANE STREET,DEVAS EXPRESS CHEMIST (Nairobi),denair@gmail.com,Abraham,Gichuru,abrahamgichuru@outlook.com
OUTERING ROAD,DEWMED KENYA LIMITED (Nairobi),dknair@gmail.com,David,Machogu,david.machogu4831@gmail.com
NGARA,DIABETES MANAGEMENT RESOURCE CENTRE KENYA LIMITED (Nairobi),dmnair@yahoo.com,Priscilla,Kipruto,priscilla.kipruto@gmail.com
KIRONGOTHI,DIGFER PHARMACY (Nairobi),micahr@yahoo.com,Micah,Kivutha,micah.kivutha@yahoo.com
NEW KCC,DINGA PHARMACY (Nairobi),solomon@yahoo.com,Solomon,Lusaka,solomon.lusaka@gmail.com
TSAVO ROAD,DIPLOMAT MEDICAL SUPPLIES (Nairobi),seth49@yahoo.com,Seth,Ouko,seth.ouko@yahoo.com
MERU/NAIROBI HIGHWAY,DIVINE GRACE PHARMACY,dgphar@yahoo.com,Seth,Nanjala,sethnanjala6333@gmail.com
RONALD NGARA,DOC-CARE  VILLE PHARMACY LIMITED (Nairobi),delilah@gmail.com,Delilah,Wanyama,delilahwanyama665@gmail.com
3RD PARKLAND AVENUE,DOCPHARMA LIMITED (Nairobi),sarah@yahoo.com,Sarah,Okello,sarahokello@gmail.com
BUTECHI ROAD,DOLMARK CHEMIST (Nairobi),luke@yahoo.com,Luke,Mochoge,lukemochoge@gmail.com
KAMITI ROAD,DOMAIN CARE PHARMACY (Nairobi),stephen@gmail.com,Stephen,Muthama,stephen.muthama@gmail.com
KISUMU-NAIROBI ROAD,DORADAWA PHARMACY,dpphar@yahoo.com,Adam,Ongeri,adam.ongeri@gmail.com
RINGROAD,DOVEY  PHARMA LTD-WESTLANDS (Nairobi),titus@yahoo.com,Titus,Ratemo,titus.ratemo9684@yahoo.com
DENNIS PRITT,DOVEYPHARMA LIMITED-DENNIS PRITT (Nairobi),dlnair@gmail.com,Solomon,Njoroge,solomonnjoroge8654@gmail.com
KIMATHI STREET,DOVEYPHARMA LTD-KIMATHI HOUSE (Nairobi),markr@gmail.com,Mark,Otieno,mark.otieno@gmail.com
HOSPITAL ROAD,DOVEYPHARMA-HOSPICE (Nairobi),dnnair@gmail.com,Sarah,Musila,sarahmusila3780@gmail.com
RIVER SIDE DRIVE,DOVEYPHARMA-RIVER SIDE (Nairobi),dsnair@gmail.com,Samuel,Ruto,samuelruto4624@outlook.com
NAKURU NAIROBI HIGHWAY,DRUG 'N' DRIVE PHARMACY,dnphar@yahoo.com,Sarah,Cheruiyot,sarahcheruiyot@gmail.com
OFF THIKA ROAD,DRUGHILL PHARMACY (Nairobi),deborah95@gmail.com,Deborah,Omari,deborahomari6840@yahoo.com
SECOND AVENUE,DUNISH SONKOR PHARMACEUTICAL LIMITED  (Nairobi),mark64@yahoo.com,Mark,Monyancha,mark.monyancha6578@gmail.com
AGA KHAN WALK,EAST STAR PHARMACY (Nairobi),esnair@yahoo.com,Priscilla,Kivutha,priscillakivutha@gmail.com
KASARANI-MWIKI,EASTLINE PHARMACY  (Nairobi),miriam98@yahoo.com,Miriam,Odhiambo,miriam.odhiambo@gmail.com
MOI DRIVE ROAD,EBEN PHARMACEUTICALS LTD - MOI S DRIVE (Nairobi),epnair@gmail.com,Sarah,Ouko,sarahouko@gmail.com
OUTERING ROAD,EBEN PHARMACEUTICALS LTD -OUTERING ROAD (Nairobi),epnair@yahoo.com,Michael,Muli,michaelmuli@gmail.com
NGARA,EDDIKAN PHARMACY LIMITED (Nairobi),leah@yahoo.com,Leah,Shikuku,leah.shikuku1748@gmail.com
ZIMMERMAN,EDMA CHEMIST (Nairobi),tabitha9@yahoo.com,Tabitha,Ngugi,tabithangugi@gmail.com
UMOJA 3 STREET,EFAMA CHEMIST (Nairobi),rebekah@gmail.com,Rebekah,Ratemo,rebekahratemo@outlook.com
KAMITI ROAD,EFFICIENCY PHARMACY (Nairobi),matthewr@gmail.com,Matthew,Kamau,matthew.kamau@gmail.com
12TH STREET,EGYPTIAN SPECIALIST MEDICAL CENTRE LIMITED (Nairobi),nathan@gmail.com,Nathan,Marube,nathanmarube3796@gmail.com
KIBERA DRIVE,EKERO CHEMIST (Nairobi),ecnair@yahoo.com,Paul,Kipchoge,paul.kipchoge1355@yahoo.com
OUTERING,ELIKIM PHARMACEUTICAL SERVICES (Nairobi),seth@gmail.com,Seth,Kariuki,seth.kariuki562@outlook.com
,ELIKIN CHEMISTS (Nairobi),ecnairwany@gmail.com,Rachel,Wanyama,rachel.wanyama@gmail.com
WANYEE ROAD,ELOC PHARMACY (Nairobi),thaddeus57@yahoo.com,Thaddeus,Kariuki,thaddeuskariuki@gmail.com
KIRIGU ROAD,EMALA CHEMIST LIMITED-DAGORETTI (Nairobi),david70@gmail.com,David,Mochoge,davidmochoge@gmail.com
KENYA BUILDERS ROAD,EMIR HEALTH CENTRE (Nairobi),ehnair@yahoo.com,Abraham,Kiptoo,abrahamkiptoo5268@gmail.com
CATHERINE NDEREVA,EMIR PHARMA (Nairobi),peter@yahoo.com,Peter,Barasa,peterbarasa@gmail.com
MOI DRIVE,EMMARK CHEMIST (Nairobi),jesse25@yahoo.com,Jesse,Ouko,jesse.ouko@outlook.com
"SEC 3, EASTLEIGH",EMYPHARM CHEMIST EASTLEIGH (Nairobi),zacharymochoge98@yahoo.com,Zachary,Mochoge,zacharymochoge@gmail.com
HAILE SELASSIE AVENUE,ENAI PHARMACY (Nairobi),timothy@gmail.com,Timothy,Nyakundi,timothy.nyakundi@gmail.com
POPO ROAD,EPLUS PHARMACY (Nairobi),estherr@yahoo.com,Esther,Nyakundi,esthernyakundi1422@gmail.com
GITHURAI 44,EREHCON PHARMACEUTICALS LTD (Nairobi),marymusy82@yahoo.com,Mary,Musyoka,marymusyoka7678@outlook.com
NAKURU/NAIROBI HIGHWAY,ERIE PHARMACEUTICALS,epphar@gmail.com,David,Khisa,davidkhisa3266@gmail.com
NAIROBI MURANGA HIGHWAY,ESKIM CHEMIST,ecchem@yahoo.com,Jude,Gichuru,jude.gichuru7209@outlook.com
GITANGA ROAD,ESTEEM CHEMIST (Nairobi),peterr@yahoo.com,Peter,Machogu,petermachogu@gmail.com
OUTERING ROAD,ETHAVANS CHEMIST-KIJOS BLDG (Nairobi),noah83@gmail.com,Noah,Wangari,noah.wangari@gmail.com
NYERI NAIROBI HIGHWAY,EVERSERVE CHEMISTS,ecchem@gmail.com,Matthew,Wangari,matthew.wangari8894@gmail.com
JUJA ROAD,FAIRCHEM PHARMACEUTICALS (Nairobi),silas@yahoo.com,Silas,Cherono,silas.cherono@yahoo.com
NAIROBI,FAMGEN PHARMACEUTICALS LTD (Nairobi),fpnair@yahoo.com,Deborah,Lusaka,deborah.lusaka@gmail.com
KWA MAJI OFF KANGUNDO ROAD,FAMILY FARE PHARMACY (Nairobi),ffnair@yahoo.com,Ruth,Monyancha,ruthmonyancha@gmail.com
EASTERN BYPASS,FANMACARE PHARMACY LIMITED (Nairobi),tabitha@gmail.com,Tabitha,Machogu,tabitha.machogu@yahoo.com
KANGUNDO ROAD,FASTMART PHARMACY-OTHAYA (Nairobi),fpnair@gmail.com,Adam,Gichuru,adamgichuru7387@gmail.com
NORTHVIEW ROAD,FAWAPHARM CHEMIST -PANGANI (Nairobi),matthewkipchoge72@gmail.com,Matthew,Kipchoge,matthew.kipchoge7547@gmail.com
EASTERN BYPASS,FEVA CHEMIST (Nairobi),naomi@yahoo.com,Naomi,Mwangi,naomimwangi@gmail.com
OUTERING ROAD,FEWAPE CHEMISTS (Nairobi),mark23@yahoo.com,Mark,Barasa,markbarasa@outlook.com
ZANZIBAR ROAD,FIX CHEM PHARMACEUTICAL LTD (Nairobi),fcnair@yahoo.com,Sarah,Ngui,sarah.ngui@yahoo.com
RING RD,FLAME TREE PHARMACY LTD (Nairobi),ftnair@gmail.com,Naomi,Barasa,naomibarasa3421@gmail.com
HOSPITAL ROAD,FORT HILL PHARMACY (Nairobi),fhnair@gmail.com,Jonathan,Mokua,jonathan.mokua@yahoo.com
DANIEL COMBONI ROAD,FOURWAY CHEMIST (Nairobi),titusr@yahoo.com,Titus,Kiptoo,titus.kiptoo7363@outlook.com
OFF SPINE ROAD,FREBCARE LIMITED (Nairobi),sarahr@gmail.com,Sarah,Mwangi,sarah.mwangi9078@gmail.com
KWA NDEGE NYAYO GATE B,FRENAMOL CHEMIST (Nairobi),fcnair@gmail.com,Joanna,Kilonzo,joannakilonzo@gmail.com
MANYANJA ROAD,GALLANT PHARMCARE (Nairobi),gpnair@yahoo.com,Mary,Mwangi,mary.mwangi@gmail.com
TUSHAURIANE/MARKET  ROAD,GAMBE CHEMIST (Nairobi),gcnair@yahoo.com,Eve,Khisa,evekhisa2052@outlook.com
LIMURU ROAD,GARNET PHARMACY LIMITED (Nairobi),reuben@yahoo.com,Reuben,Lusaka,reuben.lusaka@gmail.com
2ND AVENUE,GEEL PHARMACY LTD (Nairobi),mosesr@gmail.com,Moses,Otieno,moses.otieno8999@gmail.com
,GELNA PHARMACY  (Nairobi),debbymuri298@gmail.com,Deborah,Muiruri,deborah.muiruri1897@gmail.com
MUHOHO AVENUE,GEROMED PHARMACEUTICALS LTD (Nairobi),gpnair@gmail.com,Jacob,Mudavadi,jacob.mudavadi9194@outlook.com
SPINE,GEWAPHARM PHARMACY (Nairobi),mark53@gmail.com,Mark,Kisilu,markkisilu@outlook.com
KARIOBANGI RD,GHEMS CHEMIST-KARIOBANGI (Nairobi),rebecca@yahoo.com,Rebecca,Muthama,rebeccamuthama7432@gmail.com
MFANGANO STREET,GIANT CHEMIST (Nairobi),gcnair@gmail.com,Lydia,Wanyama,lydia.wanyama6195@gmail.com
EASTERN BYPASS ROAD,GIDD PHARMACY LIMITED (Nairobi),rachel@yahoo.com,Rachel,Okello,rachel.okello422@gmail.com
MUMIAS SOUTH ROAD,GILLS PHARMACY (Nairobi),joanna90@yahoo.com,Joanna,Kisilu,joanna.kisilu6882@gmail.com
GITHURAI,GITHA PLUS PHARMACY (Nairobi),luke73@yahoo.com,Luke,Mogaka,lukemogaka@gmail.com
MOI DRIVE,GITHIMU PHARMACEUTICALS -SAIKA (Nairobi),matthew@gmail.com,Matthew,Ochieng,matthewochieng6839@outlook.com
GITHURAI 44,GITHURA AIRPORT CHEMIST (Nairobi),jonathanr@gmail.com,Jonathan,Owino,jonathan.owino@outlook.com
KAWAIDA ALONG NAIROBI NAZARETH ROAD,GIWA RAPHA SPRINGING OVER VIEW PHARMACY,grpharjess@yahoo.com,Jesse,Monyancha,jessemonyancha@gmail.com
AIRPORT NORTH ROAD,GOCATE CHEMIST (Nairobi),leahr@yahoo.com,Leah,Odhiambo,leah.odhiambo3978@gmail.com
MUTINDWA ROAD,GOLDLITE PHARMACY LIMITED,rebeccar@gmail.com,Rebecca,Odinga,rebecca.odinga4175@outlook.com
GANDHI AVENUE,GOLDMED PHARMACY LTD-NAIROBI WEST (Nairobi),ethanr@yahoo.com,Ethan,Kiptoo,ethan.kiptoo3084@yahoo.com
KINYANJUI ROAD,GOLDPHARM HEALTHCARE SERVICES LTD (Nairobi),levi39@gmail.com,Levi,Muiruri,levimuiruri@outlook.com
MUHUYU ROAD,GOOD SPRINGS PHARMACY (Nairobi),gsnair@yahoo.com,Martha,Muiruri,martha.muiruri@gmail.com
LIMURU,GOODLIFE  PHARMACY LTD-ROSSLYN RIVIERA (Nairobi),reubenr@yahoo.com,Reuben,Marube,reubenmarube@gmail.com
HARAMBEE AVENUE,GOODLIFE PHARMACY LIMITED - CITY SQUARE (Nairobi),esther@gmail.com,Esther,Kilonzo,esther.kilonzo2469@gmail.com
MANYANJA ROAD,GOODLIFE PHARMACY LIMITED - EASTGATE MALL (Nairobi),rebeccaongri36@gmail.com,Rebecca,Ongeri,rebecca.ongeri@gmail.com
KENYATTA AVENUE,GOODLIFE PHARMACY LIMITED - KENYATTA AVENUE (Nairobi),zachary@gmail.com,Zachary,Odhiambo,zachary.odhiambo@gmail.com
NAIROBI ROAD,GOODLIFE PHARMACY LIMITED - KISUMU MEGA CITY MALL,gpmall@yahoo.com,Rebekah,Nanjala,rebekahnanjala@gmail.com
NAIROBI ROAD,GOODLIFE PHARMACY LIMITED - KISUMU MEGA CITY MALL (KISUMU),caleb44@yahoo.com,Caleb,Shikuku,calebshikuku@gmail.com
LIMURU ROAD,GOODLIFE PHARMACY LIMITED - MUTHAIGA (Nairobi),lydia@yahoo.com,Lydia,Ratemo,lydia.ratemo@gmail.com
MUTHAITI ROAD NAIROBI WEST,GOODLIFE PHARMACY LIMITED - NAIROBI WEST,gpwest@yahoo.com,Levi,Mogaka,levi.mogaka@yahoo.com
KIMATHI STREET,GOODLIFE PHARMACY LIMITED - SAROVA STANLEY (KIMATHI STREET) (Nairobi),jesser@gmail.com,Jesse,Kiptoo,jessekiptoo4661@gmail.com
WIAYAKI WAY,GOODLIFE PHARMACY LIMITED - SHELL TEGEMEO (Nairobi),miriamr@gmail.com,Miriam,Cherono,miriamcherono3642@gmail.com
LANGATA ROAD,GOODLIFE PHARMACY LIMITED - TOTAL LANGATA RD (KAREN)  (Nairobi),david@gmail.com,David,Wamalwa,davidwamalwa2616@gmail.com
WAIYAKI WAY,GOODLIFE PHARMACY LIMITED - WESTLANDS SQUARE (Nairobi),gabriel@gmail.com,Gabriel,Mokua,gabrielmokua@outlook.com
NEW GARDEN ESTASTE ROAD,GOODLIFE PHARMACY LIMITED- GARDEN ESTATE (Nairobi),silas90@gmail.com,Silas,Machogu,silasmachogu6662@gmail.com
KARUNA ROAD,GOODLIFE PHARMACY LIMITED- NEW SARIT (Nairobi),delilahr@gmail.com,Delilah,Monyancha,delilahmonyancha4880@outlook.com
LANGATA ROAD,GOODLIFE PHARMACY LTD -LANGATA (Nairobi),paul51@yahoo.com,Paul,Khisa,paulkhisa@yahoo.com
NGONG ROAD,GOODLIFE PHARMACY LTD -NGONG ROAD (Nairobi),esther87@yahoo.com,Esther,Kipchoge,estherkipchoge@gmail.com
GATHURU ROAD,GOODWILL CHEMIST (Nairobi),paulr@gmail.com,Paul,Kiptoo,paulkiptoo@gmail.com
"EASTERN BYPASS,MIHANGO ROAD",GREAT TIMES CHEMIST (Nairobi),gtnair@gmail.com,Stephen,Ngugi,stephen.ngugi@outlook.com
BAGAMOYO RD,GREEN COUNTY PHARMACY LTD (Nairobi),philipr@yahoo.com,Philip,Mukhisa,philipmukhisa@yahoo.com
NASRA ESTATE,GREENDAM PHARMACY  (Nairobi),naomir@yahoo.com,Naomi,Monyancha,naomimonyancha@yahoo.com
OFF DONHOLM ROAD,GUD PHARMACY (Nairobi),danielr@yahoo.com,Daniel,Mukhisa,daniel.mukhisa6307@gmail.com
SAVANNAH ROAD,GUDTONS PHARMACY (Nairobi),lydia@gmail.com,Lydia,Musila,lydia.musila9209@outlook.com
OUTERING,GUIDE PHARMACEUTICAL  (Nairobi),susannah@yahoo.com,Susannah,Marube,susannahmarube@gmail.com
ITESYO LANE,GURUKRUPA PHARMACY LIMITED (Nairobi),joshua@gmail.com,Joshua,Ngui,joshua.ngui7201@gmail.com
MUTARAKWA RD,HABEMUS PHARMACY (Nairobi),solomon@gmail.com,Solomon,Ngugi,solomon.ngugi6452@gmail.com
SECOND AVENUE,HAJAR PHARMACY LIMITED (Nairobi),hpnair@yahoo.com,Jesse,Muli,jesse.muli5108@gmail.com
,HAKATI CHEMISTS (Nairobi),noah16@gmail.com,Noah,Ochieng,noah.ochieng5261@gmail.com
JAM STREET,HALANE PHARMACEUTICALS LIMITED (Nairobi),rebekahr@yahoo.com,Rebekah,Kisilu,rebekah.kisilu@gmail.com
"5TH AVENUE, NGONG ROAD",HALTONS LIMITED - BISHOP GATE (Nairobi),elijah22@gmail.com,Elijah,Cheruiyot,elijah.cheruiyot5016@gmail.com
EAST AFRICA BREWERIES ROAD,HALTONS LIMITED - NGUMBA (Nairobi),levi@gmail.com,Levi,Musyoka,levi.musyoka2442@yahoo.com
NGONG ROAD,HALTONS LTD - KAREN (Nairobi),hlnair@gmail.com,Sarah,Kipchoge,sarah.kipchoge8776@gmail.com
MWIKI ROAD,HALTONS LTD - KASARANI (Nairobi),elizabeth@gmail.com,Elizabeth,Njoroge,elizabeth.njoroge@yahoo.com
OUTER-RING ROAD,HALTONS LTD - PIPELINE (Nairobi),matthew@yahoo.com,Matthew,Kiptoo,matthew.kiptoo1836@gmail.com
FIVESTAR ROAD,HALTONS LTD - SOUTH C (Nairobi),hlnair@yahoo.com,Abigail,Kipchoge,abigail.kipchoge1439@yahoo.com
ATHUMAN KIPANGA,HANAANO PHARMACY (Nairobi),timothyr@yahoo.com,Timothy,Marube,timothy.marube4506@gmail.com
45/44ROUTE.OPP CATHOLIC CHURCH,HANNAN PHARMACY (Nairobi),hpnair@gmail.com,Phoebe,Koech,phoebekoech3510@yahoo.com
BOGANI ROAD,HARJU GHEMIST LIMITED (Nairobi),martha@yahoo.com,Martha,Chepkwony,martha.chepkwony2179@gmail.com
GATHURU ROAD,HARRICARE CHEMISTS (Nairobi),joseph@gmail.com,Joseph,Shikuku,joseph.shikuku1053@gmail.com
AIRPORT NORTH ROAD,HARRY AND STAN LIMITED (Nairobi),ruthr@gmail.com,Ruth,Mutua,ruth.mutua7720@gmail.com
RIVER ROAD,HARTLANE PHARMACEUTICALS LTD - RIVER ROAD (Nairobi),tabitha@yahoo.com,Tabitha,Mwanzia,tabithamwanzia@outlook.com
MUTHITHI/MPAKA JUNCTION,HEALTH AID CHEMIST (Nairobi),hanair@yahoo.com,Joanna,Shikuku,joanna.shikuku@outlook.com
OUTERING,HEALTHLINK PHARMACY  (Nairobi),rachel3@yahoo.com,Rachel,Otieno,rachel.otieno@gmail.com
KAREN PLAINS RD,HEALTHNET PHARMACY  (Nairobi),daniel@yahoo.com,Daniel,Ratemo,danielratemo@gmail.com
,HEALTHWAY CHEMIST  (Nairobi),hcnair@gmail.com,Jacob,Ngui,jacob.ngui@gmail.com
OFF JUJA RD,HEALTHY DIAGNOSIS PHARMACY (Nairobi),hdnair@gmail.com,David,Wainaina,david.wainaina2609@gmail.com
LANGATA ROAD,HIGHTONE PHARMACIES-NAIROBI WEST (Nairobi),jonathan@gmail.com,Jonathan,Muthama,jonathanmuthama@gmail.com
5TH 2ND AV,HIKMAS PHARMA LTD (Nairobi),nathan35@yahoo.com,Nathan,Mokua,nathan.mokua4069@gmail.com
BUILDING/ PLOT L R 359 ROAD KOMAROCK ROA,HOSPHARM HEALTHCARE LIMITED (Nairobi),hhnair@yahoo.com,Deborah,Marube,deborah.marube@gmail.com
GATHERU RD,HOSSANA CHEMIST (Nairobi),solomon63@gmail.com,Solomon,Ongeri,solomon.ongeri@gmail.com
,HOST PHARMACY (Nairobi),estherr@gmail.com,Esther,Kamau,estherkamau3204@gmail.com
GARDEN ESTATE RD,HYCHEM PHARMACEUTICALS (Nairobi),nathan75@gmail.com,Nathan,Mogaka,nathan.mogaka3241@gmail.com
KANGARU ROAD,INFILMEDS PHARMACY (Nairobi),ipnair@gmail.com,Mark,Gichuru,markgichuru7175@gmail.com
MWIKI RD,INTEL PHARMACEUTICALS (Nairobi),ipnair@yahoo.com,Thaddeus,Omari,thaddeusomari@gmail.com
SAVANNA ROAD,INTERCARE PHARMACY (Nairobi),hannah57@yahoo.com,Hannah,Wamalwa,hannah.wamalwa@gmail.com
UTAWALA ROAD,INTERPHASE PHARMACEUTICALS LIMITED (Nairobi),titus@gmail.com,Titus,Ngui,titus.ngui@outlook.com
UPPERHILL,IPOPHARM LTD - KITENGELA (Nairobi),lydiar@yahoo.com,Lydia,Muli,lydia.muli@outlook.com
TASSIA ROAD,JACAD MEDPOINT (Nairobi),jmnair@gmail.com,Elijah,Wamalwa,elijah.wamalwa6108@gmail.com
FAIRVIEW STREET,JACARANDA CHEMIST - PANGANI BRANCH (Nairobi),jcnair@yahoo.com,Elisha,Omari,elisha.omari@gmail.com
KAMITI ROAD,JADLYNE CHEMIST (Nairobi),jcnair@gmail.com,Adam,Omollo,adam.omollo@yahoo.com
UTAWALA- GITHUNGURI ROAD,JAGEM CHEMIST (Nairobi),daniel10@gmail.com,Daniel,Kipruto,danielkipruto9091@yahoo.com
WOODSTREET,JAMLINK PHARMACY (Nairobi),maryr@gmail.com,Mary,Kariuki,mary.kariuki4446@gmail.com
SASUMUA,JANIAN DISPENSING CHEMIST (Nairobi),jdnair@yahoo.com,Hannah,Ruto,hannah.ruto4874@gmail.com
ICIPE RD,JANPHARM PHARMACEUTICALS (Nairobi),levi@yahoo.com,Levi,Muli,levimuli4773@gmail.com
RUKWA RD,JASTE TOP PHARMACEUTICAL SUPPLIERS LTD-MARINGO (Nairobi),jtnair@yahoo.com,Noah,Wamalwa,noahwamalwa@outlook.com
MURANG'A ROAD,JATRIM CHEMIST (Nairobi),susannahr@gmail.com,Susannah,Kariuki,susannahkariuki@yahoo.com
GITHUNGURI ROAD,JEMAC PHARMACY (Nairobi),jpnair@yahoo.com,Joanna,Ouma,joannaouma@gmail.com
DANDORA PHASE 1,JERUSALEM DISPENSING CHEMISTS (Nairobi),isaac@gmail.com,Isaac,Cherono,isaaccherono4648@yahoo.com
NGONG ROAD,JIMSTAR PHARMACY-NGONG ROAD (Nairobi),caleb@yahoo.com,Caleb,Kariuki,calebkariuki@gmail.com
NAIROBI,JOFLOSTA INVESTMENTS LIMITED,jacob25@yahoo.com,Jacob,Wekesa,jacob.wekesa@gmail.com
OLE SHAPARA ROAD,JOINT  JUMAIRA  CENTER (Nairobi),deborahr@gmail.com,Deborah,Ouko,deborah.ouko1507@gmail.com
NORTH AIRPORT RD,JOLICHEM PHARMACY LTD-BROWN HSE (Nairobi),jpnair@gmail.com,Aaron,Chebet,aaron.chebet@gmail.com
COSMAS NDETI ROAD,JOSPI CHEMIST (Nairobi),solomon8@yahoo.com,Solomon,Kiptoo,solomonkiptoo@gmail.com
RUKWA ROAD,JOSTEEN CHEMIST (Nairobi),jonathan78@gmail.com,Jonathan,Wekesa,jonathan.wekesa@gmail.com
RIVER ROAD,JOWATMED CHEMIST (Nairobi),noah@yahoo.com,Noah,Mudavadi,noah.mudavadi5086@gmail.com
7TH STREET,JUBBALINK PHARMACY (Nairobi),markr@yahoo.com,Mark,Mochoge,mark.mochoge2561@gmail.com
KABIRIA ROAD,JUBEN PHARMACY (Nairobi),sarah95@yahoo.com,Sarah,Kipruto,sarah.kipruto@gmail.com
OUTERING ROAD,JUL MEDICARE CHEMIST (Nairobi),micah46@gmail.com,Micah,Nanjala,micahnanjala5742@outlook.com
KIKUYU RD,JULIMER INTERNATIONAL LTD (Nairobi),ethan@yahoo.com,Ethan,Nyakundi,ethannyakundi@outlook.com
LIKONI,KAISER MEDICATE PHARMACY (Nairobi),kmnair@gmail.com,Elizabeth,Kipsang,elizabeth.kipsang9325@yahoo.com
ZIMMERMAN,KALACARE (Nairobi),elijah@yahoo.com,Elijah,Kipruto,elijahkipruto@gmail.com
TENTH STREET SECOND AVENUE,KALAMAN LIMITED (Nairobi),klnair@gmail.com,Seth,Barasa,sethbarasa3380@yahoo.com
KIMATHI STREET,KAM PHARMACY LTD - KIMATHI STREET (Nairobi),kpnair@gmail.com,Ezekiel,Ouma,ezekielouma@gmail.com
MPAKA RD,KAM PHARMACY LTD - WESTLANDS (Nairobi),juder@yahoo.com,Jude,Mwangi,jude.mwangi6108@gmail.com
,KAM PHARMACY LTD- HARAMBEE AVENUE (Nairobi),silas@gmail.com,Silas,Ratemo,silasratemo7799@gmail.com
