id,Facility_Name,Business_Type,Registration_Number,License_Status,Rel,Owner First Name,Owner Last Name,Owner Email
5899,SAMZAN PHARMA,RETAIL,PPB/S/9003,Status: Active,MjcwMTA=,Winny,Nthenya,winnyn@gmail.com47@gmail.com
4899,NYAKOE CHEMIST CO - HOSPITAL ROAD LTD,RETAIL,PPB/N/1560,Status: Active,Mjk2Nzc=,Samwel,Okello,samwelokello@gmail.com92@gmail.com
4899,NYAKOE CHEMIST CO - HOSPITAL ROAD LTD,RETAIL,PPB/N/1560,Status: Active,Mjk2Nzc=,Eric,Jepngetich,ejepngetich@gmail.com67@gmail.com
4899,NYAKOE CHEMIST CO - HOSPITAL ROAD LTD,RETAIL,PPB/N/1560,Status: Active,Mjk2Nzc=,Dolphine,Nandwa,dolphinenandwa@gmail.com72@gmail.com
6279,STAY HEALTHY PHARMACY,RETAIL,PPB/S/9237,Status: Active,MzA0MDM=,Hellen,Kirimi,hellenkirimi@gmail.com79@gmail.com
6477,TETHELL PHARMACY MATHARE,RETAIL,PPB/T/5791,Status: Active,MjkyODY=,Zacharia,Macharia,zachariam@gmail.com24@gmail.com
6477,TETHELL PHARMACY MATHARE,RETAIL,PPB/T/5791,Status: Active,MjkyODY=,Kipngeno,Benjamin,kb@gmail.com35@gmail.com
6309,SUKEYNA PHARMACEUTICAL LTD,RETAIL,PPB/S/9150,Status: Active,Mjg5NzU=,Mohamedamin,Ndwiga,mndwiga@gmail.com32@gmail.com
6631,TOP CARE CHEMIST,RETAIL,PPB/T/5703,Status: REVOKED,MjcyNjI=,Philemon,Nkatha,philemonnkatha@gmail.com1@gmail.com
3822,MAMBIA PHARMACY,RETAIL,PPB/M/9675,Status: Active,Mjg5NTE=,Kipkemoi,Ndambuki,kndambuki@gmail.com97@gmail.com
3660,LUCKYBAR PHARMACY,RETAIL,PPB/L/9770,Status: Active,MjcxNjI=,Stacy,Aoko,sa@gmail.com49@gmail.com
7059,WESTWELL PHARMACY,RETAIL,PPB/W/7430,Status: Active,MjgzMTg=,Ali,Jeptoo,alijeptoo@gmail.com10@gmail.com
5912,SANKAA PHARMACY,RETAIL,PPB/S/9114,Status: Active,MjgzNzM=,Stanley,Imali,stanleyimali@gmail.com26@gmail.com
6739,TSALACH PHARMACY,RETAIL,PPB/T/5739,Status: Active,Mjc5NzU=,Mutinda,Kiplagat,mutindakiplagat@gmail.com17@gmail.com
3730,MAESIO PHARMACEUTICAL OUTER-RING ROAD,RETAIL,PPB/M/9689,Status: Active,MjkwOTU=,Mwaura,Mutahi,mwauramutahi@gmail.com47@gmail.com
3730,MAESIO PHARMACEUTICAL OUTER-RING ROAD,RETAIL,PPB/M/9689,Status: Active,MjkwOTU=,Japhet,Mbuvi,jm@gmail.com36@gmail.com
5823,SAITO CHEMIST -,RETAIL,PPB/S/8997,Status: Active,MjY5MzY=,Lucas,Koech,lk@gmail.com30@gmail.com
6950,WALEGI CHEMIST,RETAIL,PPB/W/7440,Status: Active,Mjg5MjA=,Oloo,Kipleting,ok@gmail.com92@gmail.com
6533,THE NAQSH MEDICAL AND SURGICAL SUPPLIES LIMITED,RETAIL,PPB/T/5724,Status: Active,Mjc3MzM=,Edgar,Wangila,ew@gmail.com76@gmail.com
7039,WERII CHEMIST,RETAIL,PPB/W/7436,Status: Active,Mjg2NjA=,Wycliff,Ayieko,wycliffa@gmail.com51@gmail.com
5678,ROLLINHAM,RETAIL,PPB/R/1367,Status: Active,Mjk4MjE=,Njoki,Mukiri,nm@gmail.com73@gmail.com
6882,VICRAHAM PHARMACY,RETAIL,PPB/V/402,Status: Active,Mjg2NTU=,Lameck,Muthami,lmuthami@gmail.com75@gmail.com
5785,SAAYNEX PHARMACY LIMITED,RETAIL,PPB/S/9070,Status: Active,Mjc4NDE=,Priscillah,Nafula,priscillahnafula@gmail.com5@gmail.com
3609,LIVEN VENTURES LIMITED,RETAIL,PPB/L/9874,Status: Active,MzAyOTk=,Daud,Osman,daudosman@gmail.com25@gmail.com
3609,LIVEN VENTURES LIMITED,RETAIL,PPB/L/9874,Status: Active,MzAyOTk=,Abdirahman,Kabui,abdirahmankabui@gmail.com2@gmail.com
3609,LIVEN VENTURES LIMITED,RETAIL,PPB/L/9874,Status: Active,MzAyOTk=,Lucas,Jarso,lucasj@gmail.com53@gmail.com
6529,THE MINUT PHARMACY,RETAIL,PPB/T/5834,Status: Active,MzA0MDU=,Jepchirchir,Muigai,jepchirchirm@gmail.com25@gmail.com
3958,MAXLIFE PHARMACY LIMITED,RETAIL,PPB/M/9652,Status: Active,Mjg3NDI=,Rodgers,Waweru,rwaweru@gmail.com8@gmail.com
5682,ROMA CHEMIST,RETAIL,PPB/R/1334,Status: Active,Mjg5NjE=,Jelagat,Mwita,jelagatmwita@gmail.com27@gmail.com
5780,RYAMED PHARMACY,RETAIL,PPB/R/1326,Status: Active,Mjg3OTE=,Kiprono,Alio,ka@gmail.com11@gmail.com
4668,NEEMA NGURUMBANI PHARMACEUTICALS,RETAIL,PPB/N/1548,Status: Active,MjkzMjk=,Muriithi,Sang,msang@gmail.com59@gmail.com
5307,PILL POINT PHARMACY,RETAIL,PPB/P/2228,Status: Active,MjY4NDY=,Moraa,Muya,mmuya@gmail.com86@gmail.com
6172,SOACHEM PHARMACY,RETAIL,PPB/S/9148,Status: Active,Mjg5MzY=,Cleophas,Nzioka,cn@gmail.com98@gmail.com
4678,NELAPHARM LTD DOWNTOWN,RETAIL,PPB/N/1535,Status: Active,MjkxNTg=,Habiba,Kiprop,habibakiprop@gmail.com77@gmail.com
6858,VANGA WARD CHEMIST,RETAIL,PPB/V/410,Status: Active,MjkyODQ=,Dorcas,Ruto,druto@gmail.com36@gmail.com
5283,PHELMA PHARMACY,RETAIL,PPB/P/2203,Status: Active,MjYyNzg=,Jamila,Kawira,jamilak@gmail.com77@gmail.com
5283,PHELMA PHARMACY,RETAIL,PPB/P/2203,Status: Active,MjYyNzg=,Cosmas,Samson,cosmassamson@gmail.com31@gmail.com
5393,PRUDAN PHARMACY- KAHAWA WEST,RETAIL,PPB/P/2235,Status: Active,MjcwNjA=,Josephine,Mwathi,josephinem@gmail.com18@gmail.com
5393,PRUDAN PHARMACY- KAHAWA WEST,RETAIL,PPB/P/2235,Status: Active,MjcwNjA=,Ayub,Mose,ayubmose@gmail.com93@gmail.com
6455,TECPHARM PHARMACY,RETAIL,PPB/T/5727,Status: Active,Mjc3NTY=,Wamalwa,Muraguri,wm@gmail.com56@gmail.com
5706,ROSAPHARM CHEMIST,RETAIL,PPB/R/1247,Status: Active,MjY5OTM=,Andrew,Samson,asamson@gmail.com22@gmail.com
6487,TF PHARMACY-JUJA,RETAIL,PPB/T/5843,Status: Active,MzA1MTA=,Anna,Wangila,annaw@gmail.com80@gmail.com
6487,TF PHARMACY-JUJA,RETAIL,PPB/T/5843,Status: Active,MzA1MTA=,Jesca,Nderitu,jescan@gmail.com43@gmail.com
3518,LIFE TOUCH PHARMACY,RETAIL,PPB/L/9819,Status: REVOKED,Mjg2MzA=,Jimale,Kinuthia,jk@gmail.com70@gmail.com
6009,SHANICHEM CHEMIST,RETAIL,PPB/S/9112,Status: Active,MjgzNDI=,Paul,Kariuki,paulkariuki@gmail.com62@gmail.com
4551,MYGLOW SECRET LIMITED,RETAIL,PPB/M/9750,Status: Active,Mjk4MDM=,Nyanchama,Nyaboke,nnyaboke@gmail.com63@gmail.com
5149,PETHEALTH CHEMIST,RETAIL,PPB/P/4860,Status: Active,Mjg5OTQ=,Moses,Oketch,moketch@gmail.com10@gmail.com
5967,SELFCHECK  PHARMACY,RETAIL,PPB/S/9012,Status: Active,MjcxNjQ=,Abdirizack,Muli,am@gmail.com44@gmail.com
5222,PHARMAPLUS PHARMACEUTICALS LTD-NAIVAS KAHAWA SUKARI,RETAIL,PPB/P/4878,Status: Active,Mjk1Nzg=,Eugine,Muturi,euginemuturi@gmail.com81@gmail.com
3784,MALAL PHARAMCY,RETAIL,PPB/M/9788,Status: Active,MzA1ODA=,Joel,Wekesa,jwekesa@gmail.com81@gmail.com
3784,MALAL PHARAMCY,RETAIL,PPB/M/9788,Status: Active,MzA1ODA=,Kipkosgei,Githinji,kipkosgeigithinji@gmail.com41@gmail.com
4064,MEDILEEN PHARMACEUTICALS,RETAIL,PPB/M/9432,Status: Active,MjY1ODI=,Norah,Chepkoech,nc@gmail.com71@gmail.com
4582,NAILA PHARM,RETAIL,PPB/N/1540,Status: Active,MjkyMjA=,Adow,Wanjau,adoww@gmail.com40@gmail.com
4942,OAK SPRING HEALTHCARE,RETAIL,PPB/O/1089,Status: Active,Mjg2Mzg=,Prisca,Kimanthi,pkimanthi@gmail.com76@gmail.com
3991,MCGREENS PHARMACY GILGIL,RETAIL,PPB/M/9691,Status: Active,MjkxMjk=,Hawo,Munguti,hmunguti@gmail.com24@gmail.com
3991,MCGREENS PHARMACY GILGIL,RETAIL,PPB/M/9691,Status: Active,MjkxMjk=,Loise,Onyango,lo@gmail.com46@gmail.com
5477,RANCHO  PHARMACY,RETAIL,PPB/R/1246,Status: Active,MjY5NjM=,Annet,Ombasa,ao@gmail.com68@gmail.com
5477,RANCHO  PHARMACY,RETAIL,PPB/R/1246,Status: Active,MjY5NjM=,Musembi,Mucheru,musembim@gmail.com89@gmail.com
5477,RANCHO  PHARMACY,RETAIL,PPB/R/1246,Status: Active,MjY5NjM=,Nasimiyu,Haji,nh@gmail.com63@gmail.com
4058,MEDIJAS CHEMIST,RETAIL,PPB/M/9462,Status: Active,MjY4Mjc=,Rael,Kananu,raelkananu@gmail.com97@gmail.com
4058,MEDIJAS CHEMIST,RETAIL,PPB/M/9462,Status: Active,MjY4Mjc=,Jimale,Muchoki,jimalemuchoki@gmail.com4@gmail.com
4058,MEDIJAS CHEMIST,RETAIL,PPB/M/9462,Status: Active,MjY4Mjc=,Luka,Makori,lukamakori@gmail.com9@gmail.com
6568,THOMSON & THOMSON PHARMACY LTD - LAVINGTON,RETAIL,PPB/D/3278,Status: Active,Mjg3NTg=,Allan,Nasimiyu,allannasimiyu@gmail.com91@gmail.com
3857,MARCIA PHARMACY.,RETAIL,PPB/M/9768,Status: Active,MzAyMjY=,Wachira,Gathogo,wachirag@gmail.com12@gmail.com
6719,TRIO WELLNESS,RETAIL,PPB/T/5756,Status: Active,Mjg0MTE=,Felista,Saitoti,fs@gmail.com34@gmail.com
4621,NARCHAR HEALTHCARE LIMITED,RETAIL,PPB/N/1297,Status: Active,MjczNzM=,Rabecca,Mutisya,rabeccamutisya@gmail.com5@gmail.com
4110,MEDITEX PHARMACY,RETAIL,PPB/M/9651,Status: Active,Mjg3MzY=,Samwel,Ngei,sngei@gmail.com89@gmail.com
5650,ROBEL CHEMIST,RETAIL,PPB/R/1310,Status: Active,MjgzOTE=,Mumo,Musembi,mmusembi@gmail.com12@gmail.com
4944,OAKLANE PHARMACY LTD,RETAIL,PPB/O/1090,Status: Active,Mjg2NDU=,Bishar,Wainaina,bisharwainaina@gmail.com44@gmail.com
4944,OAKLANE PHARMACY LTD,RETAIL,PPB/O/1090,Status: Active,Mjg2NDU=,Esther,Maranga,estherm@gmail.com72@gmail.com
5072,PANDE RETAIL -PHARMACY,RETAIL,PPB/P/4849,Status: Active,Mjg3Mzk=,Gitonga,Macharia,gmacharia@gmail.com53@gmail.com
4767,NICHOLANN CHEMIST,RETAIL,PPB/N/1581,Status: Active,MzAyMjU=,Muturi,Kimathi,mk@gmail.com29@gmail.com
6821,UPRIGHT CHEMIST,RETAIL,PPB/U/9480,Status: Active,MjY2ODg=,Harrison,Keitany,harrisonk@gmail.com14@gmail.com
6880,VEXELIS PHARMACEUTICALS LIMITED,RETAIL,PPB/V/422,Status: Active,Mjk5NTg=,Kelvin,Oduori,kelvino@gmail.com86@gmail.com
4183,MEJAMED CHEMIST,RETAIL,PPB/M/9659,Status: Active,Mjg4MDk=,Cherop,Ochieng,cheropochieng@gmail.com24@gmail.com
3967,MAYAS PHARMACEUTICALS LIMITED,RETAIL,PPB/M/9564,Status: Active,Mjc3Mjg=,Sam,Nzisa,samnzisa@gmail.com65@gmail.com
7114,WONI WITU,RETAIL,PPB/W/7448,Status: Active,MjkzNjk=,Oliver,Wabomba,oliverw@gmail.com87@gmail.com
7114,WONI WITU,RETAIL,PPB/W/7448,Status: Active,MjkzNjk=,Quinter,Kabiru,qk@gmail.com46@gmail.com
7114,WONI WITU,RETAIL,PPB/W/7448,Status: Active,MjkzNjk=,Consolata,Githinji,cgithinji@gmail.com75@gmail.com
7114,WONI WITU,RETAIL,PPB/W/7448,Status: Active,MjkzNjk=,Fredrick,Chepkwony,fredrickc@gmail.com41@gmail.com
4375,MOONBRIGHT CHEMIST-KERICHO,RETAIL,PPB/M/9677,Status: Active,Mjg5Nzk=,Simon,Ahmed,simona@gmail.com26@gmail.com
3538,LIFEMED PHARMACY ROSE AVENUE,RETAIL,PPB/L/9791,Status: Active,Mjc2OTM=,Morine,Musimbi,morinem@gmail.com32@gmail.com
6599,TILAK PHARMACY,RETAIL,PPB/T/5792,Status: Active,MjkzODE=,Abigael,Abdiaziz,aa@gmail.com81@gmail.com
4243,MEWAKI PHARMACEUTICALS LIMITED,RETAIL,PPB/M/9676,Status: REVOKED,Mjg5NjU=,Barasa,Benard,bb@gmail.com4@gmail.com
4243,MEWAKI PHARMACEUTICALS LIMITED,RETAIL,PPB/M/9676,Status: REVOKED,Mjg5NjU=,Awino,Esinyen,ae@gmail.com6@gmail.com
6721,TRIOPLUS PHARMA LIMITED,RETAIL,PPB/T/5838,Status: Active,MzA0ODA=,Faith,Kennedy,fk@gmail.com39@gmail.com
5173,PHARMACITY PHARMACEUTICALS LIMITED- NKRUMAH,RETAIL,PPB/P/4863,Status: REVOKED,MjkwMjU=,Muthoka,Gichana,mg@gmail.com5@gmail.com
4538,MWETHI AND COMPANY CHEMIST LTD,RETAIL,PPB/M/9623,Status: Active,Mjg0NDQ=,Noah,Ogada,noahogada@gmail.com80@gmail.com
4868,NORTHMED CHEMIST,RETAIL,PPB/N/1550,Status: Active,MjkzNjQ=,Ali,Ndolo,alin@gmail.com83@gmail.com
4703,NETALA LIMITED,RETAIL,PPB/N/1503,Status: Active,MjgyMDU=,Sumeya,Gacheri,sumeyag@gmail.com4@gmail.com
6904,VINLAND MEDICAL CLINIC AND PHARMACY,RETAIL,PPB/V/421,Status: Active,Mjk5MjY=,Flora,Mwalimu,floram@gmail.com81@gmail.com
3960,MAXMA PHARMACY LTD,RETAIL,PPB/M/9583,Status: Active,MjgwNDM=,Korir,Ngeno,kn@gmail.com42@gmail.com
3465,LEKAN FAMILY PHARMACY LIMITED,RETAIL,PPB/L/9867,Status: Active,MzAxMzg=,Isaiah,Mongare,imongare@gmail.com18@gmail.com
4358,MOLO HIGHWAY PHARMACY,RETAIL,PPB/M/9541,Status: Active,Mjc1NDk=,Dolphine,Gikonyo,dolphineg@gmail.com83@gmail.com
5414,QUANTUM X PHARMACEUTICALS LIMITED.,RETAIL,PPB/Q/101,Status: Active,Mjg4MjE=,Nafula,Ndinda,nafulandinda@gmail.com64@gmail.com
5414,QUANTUM X PHARMACEUTICALS LIMITED.,RETAIL,PPB/Q/101,Status: Active,Mjg4MjE=,Edwin,Nyokabi,edwinnyokabi@gmail.com39@gmail.com
4280,MILELE BETADAY CHEMIST,RETAIL,PPB/M/9657,Status: Active,Mjg4MDE=,Teresa,Okemwa,teresao@gmail.com47@gmail.com
7133,YANAH PHARMACEUTICAL LTD-KAHAWA,RETAIL,PPB/Y/63,Status: Active,MjY5Mzk=,Kipngetich,Karanja,kkaranja@gmail.com8@gmail.com
6122,SITTA AVENUE PHARMACEUTICALS,RETAIL,PPB/S/9051,Status: Active,Mjc2Mjc=,Aftin,Kaberia,akaberia@gmail.com24@gmail.com
4017,MEDELIVEY PHARMACY - KIRWARA,RETAIL,PPB/M/9769,Status: Active,MzAyMjk=,Nyambura,Kogo,nyamburak@gmail.com71@gmail.com
4883,NTHONGONI PHARMACY,RETAIL,PPB/N/1561,Status: Active,Mjk3MTI=,Waithera,Mwathi,waitheram@gmail.com54@gmail.com
5496,RAPIDMEDS PHARMACY,RETAIL,PPB/R/1339,Status: Active,MjkxMDA=,Oloo,Kombe,olookombe@gmail.com66@gmail.com
6941,WAITA LIFECARE CHEMIST,RETAIL,PPB/W/7441,Status: Active,MjkwOTg=,Gesare,Muchiri,gesarem@gmail.com84@gmail.com
6941,WAITA LIFECARE CHEMIST,RETAIL,PPB/W/7441,Status: Active,MjkwOTg=,Sarah,Simon,ss@gmail.com70@gmail.com
6900,VINBY PHARMACY,RETAIL,PPB/V/407,Status: Active,Mjg5OTc=,Elijah,Wanyonyi,elijahwanyonyi@gmail.com24@gmail.com
3819,MALUAL PHARMACY,RETAIL,PPB/M/9723,Status: Active,Mjk0OTM=,Masika,Kipngetich,masikak@gmail.com33@gmail.com
6920,VITAL PHARMACEUTICALS LIMITED-SOUTHLANDS,RETAIL,PPB/V/418,Status: Active,Mjk2NDk=,Karanja,Jelle,karanjajelle@gmail.com31@gmail.com
3802,MALIBU PHARMACY LTD-  NYALI LINKS ARCADE,RETAIL,PPB/M/9595,Status: Active,MjgyMTU=,Teresia,Mbuvi,tmbuvi@gmail.com31@gmail.com
6090,SILVER CLOUD PHARMACY,RETAIL,PPB/S/9188,Status: Active,Mjk2NDM=,Prudence,Nasambu,pnasambu@gmail.com59@gmail.com
6544,THE SHALEN PHARMACY,RETAIL,PPB/T/5698,Status: Active,MjcxNDE=,Kahindi,Chepkurui,kahindichepkurui@gmail.com64@gmail.com
6908,VINTAPHARM CHEMIST,RETAIL,PPB/V/408,Status: Active,MjkwMjA=,Norah,Kipchirchir,nk@gmail.com21@gmail.com
5945,SCEPTERS PHARMAS,RETAIL,PPB/S/9018,Status: Active,MjcyNDU=,Evance,Ayuma,evancea@gmail.com53@gmail.com
5945,SCEPTERS PHARMAS,RETAIL,PPB/S/9018,Status: Active,MjcyNDU=,Billy,Brian,billybrian@gmail.com18@gmail.com
5945,SCEPTERS PHARMAS,RETAIL,PPB/S/9018,Status: Active,MjcyNDU=,Kiplangat,Njoroge,kiplangatn@gmail.com30@gmail.com
4384,MORE LIFE CHEMISTS,RETAIL,PPB/M/9531,Status: Active,Mjc0OTM=,Roseline,Wekesa,rw@gmail.com45@gmail.com
4384,MORE LIFE CHEMISTS,RETAIL,PPB/M/9531,Status: Active,Mjc0OTM=,Thomas,Saitoti,tsaitoti@gmail.com5@gmail.com
5044,OUTLIERS BY DESIGN LIMITED,RETAIL,PPB/O/1092,Status: REVOKED,Mjg5MjU=,Ochieng,Kevin,okevin@gmail.com95@gmail.com
6369,SYCHE CHEMIST,RETAIL,PPB/S/9080,Status: Active,Mjc5NDE=,Teresiah,Warui,teresiahwarui@gmail.com65@gmail.com
6369,SYCHE CHEMIST,RETAIL,PPB/S/9080,Status: Active,Mjc5NDE=,Jepchumba,Mutua,jepchumbamutua@gmail.com34@gmail.com
6758,TURBO TIBA YANGU CHEMISTS,RETAIL,PPB/T/5705,Status: REVOKED,MjcyNzc=,Morris,Kimaru,morrisk@gmail.com37@gmail.com
6415,TAMOL CHEMIST,RETAIL,PPB/T/5689,Status: Active,MjY5OTA=,Mercyline,Osiemo,mosiemo@gmail.com14@gmail.com
4886,NUCLEAR FAMILY CHEMISTS,RETAIL,PPB/N/1312,Status: Active,Mjc2ODA=,Mbithi,Mukoya,mmukoya@gmail.com40@gmail.com
4886,NUCLEAR FAMILY CHEMISTS,RETAIL,PPB/N/1312,Status: Active,Mjc2ODA=,Teresiah,Odongo,teresiahodongo@gmail.com36@gmail.com
4519,MWADEMU CHEMIST,RETAIL,PPB/M/9463,Status: Active,MjY4Mzg=,Margaret,Mwai,margaretmwai@gmail.com19@gmail.com
4388,MORNING STAR CHEMIST,RETAIL,PPB/M/9601,Status: Active,MjgyNTc=,Mariam,Wainaina,mwainaina@gmail.com21@gmail.com
3969,MAYFIELD PHARMACY LIMITED,RETAIL,PPB/M/9454,Status: REVOKED,MjY3MzY=,Rama,Jepkemboi,ramajepkemboi@gmail.com64@gmail.com
5961,SEATON PARK MEDICAL CENTRE,RETAIL,PPB/S/9206,Status: Active,Mjk5MDg=,Salome,Ombati,salomeombati@gmail.com97@gmail.com
5961,SEATON PARK MEDICAL CENTRE,RETAIL,PPB/S/9206,Status: Active,Mjk5MDg=,Kipchirchir,Oyaro,koyaro@gmail.com79@gmail.com
5106,PEAKTIME CHEMIST LIMITED,RETAIL,PPB/P/2208,Status: Active,MjY0MTU=,Mwendwa,Mwakio,mm@gmail.com47@gmail.com
7076,WILLMED HEALTHCARE PHARMACY,RETAIL,PPB/W/7453,Status: Active,Mjk1NTM=,Mutua,Adan,madan@gmail.com30@gmail.com
7115,WOODLEY PHARMACEUTICALS NGONG ROAD LIMITED,RETAIL,PPB/W/7438,Status: Active,Mjg4NTQ=,Billow,Muasya,billowm@gmail.com51@gmail.com
4636,NASRI PHARMACY,RETAIL,PPB/N/1300,Status: Active,Mjc0NDY=,Eugene,Nekesa,enekesa@gmail.com19@gmail.com
4636,NASRI PHARMACY,RETAIL,PPB/N/1300,Status: Active,Mjc0NDY=,Mutunga,Murithi,mutungamurithi@gmail.com22@gmail.com
5580,REXO HEALTHCARE PHARMACY,RETAIL,PPB/R/1330,Status: Active,Mjg4OTU=,Nelima,Hamisi,nelimahamisi@gmail.com18@gmail.com
6304,SUGA CARE PHARMACY LIMITED,RETAIL,PPB/S/9122,Status: Active,Mjg1MjI=,Bashir,Mumbua,bashirm@gmail.com8@gmail.com
7195,ZIOMED ENTERPRISES,RETAIL,PPB/Z/1320,Status: Active,MzA0MzE=,Fiona,Ngotho,fn@gmail.com17@gmail.com
7136,YANG'AT PHARMACY,RETAIL,PPB/Y/66,Status: Active,Mjg1MDM=,Calvin,Kathure,calvinkathure@gmail.com34@gmail.com
6958,WAMAX CHEMIST,RETAIL,PPB/W/7396,Status: Active,MjY1Njg=,Baraka,Wabwire,bw@gmail.com78@gmail.com
3952,MAXIGARD CHEMIST,RETAIL,PPB/M/9539,Status: Active,Mjc1Mjk=,Bett,Musyoka,bm@gmail.com12@gmail.com
5664,RODI CAANAN CHEMIST,RETAIL,PPB/R/1377,Status: Active,MzAzNTU=,Mohamednoor,Ngotho,mn@gmail.com72@gmail.com
5664,RODI CAANAN CHEMIST,RETAIL,PPB/R/1377,Status: Active,MzAzNTU=,Simion,Makori,simionmakori@gmail.com41@gmail.com
3710,MAAZ CARE LIMITED,RETAIL,PPB/M/9637,Status: Active,Mjg1ODc=,Jacob,Muinde,jm@gmail.com87@gmail.com
6747,TULEL PHARMACEUTICAL LIMITED,RETAIL,PPB/T/5708,Status: Active,MjczNTM=,Maryam,Ali,mali@gmail.com26@gmail.com
6896,VIMAC PHARMACY,RETAIL,PPB/V/414,Status: Active,MjkzNjM=,Ndung'u,Joshua,nj@gmail.com32@gmail.com
6079,SIFA AFYA CHEMIST,RETAIL,PPB/S/9120,Status: Active,Mjg1MTY=,Alice,Mbaabu,alicembaabu@gmail.com88@gmail.com
5953,SCRIPT SAVVY LIMITED,RETAIL,PPB/S/9212,Status: REVOKED,Mjk5ODg=,Joe,Hillow,jhillow@gmail.com84@gmail.com
5953,SCRIPT SAVVY LIMITED,RETAIL,PPB/S/9212,Status: REVOKED,Mjk5ODg=,Jael,Onyiego,jo@gmail.com53@gmail.com
3737,MAGICAL SWIFT CHEMIST,RETAIL,PPB/M/9759,Status: Active,Mjk5OTU=,Tobias,Nduta,tnduta@gmail.com26@gmail.com
3737,MAGICAL SWIFT CHEMIST,RETAIL,PPB/M/9759,Status: Active,Mjk5OTU=,Nicholus,Ndambuki,nicholusn@gmail.com56@gmail.com
7085,WINFRED SHINE CHEMIST,RETAIL,PPB/W/7413,Status: Active,MjcyNDE=,Wambua,Philip,wambuaphilip@gmail.com89@gmail.com
7124,WUSIMI PHARMACY,RETAIL,PPB/W/7461,Status: Active,MzAxNjE=,Stacy,Wabwile,sw@gmail.com99@gmail.com
7124,WUSIMI PHARMACY,RETAIL,PPB/W/7461,Status: Active,MzAxNjE=,Karimi,Chepkemboi,kchepkemboi@gmail.com76@gmail.com
7124,WUSIMI PHARMACY,RETAIL,PPB/W/7461,Status: Active,MzAxNjE=,Akoth,Kiama,akothk@gmail.com73@gmail.com
6033,SHEMIGEN PHARMACY,RETAIL,PPB/S/9030,Status: Active,MjczNjc=,Cornelius,Kipchirchir,ckipchirchir@gmail.com58@gmail.com
5976,SERENE HOSPITAL LIMITED,RETAIL,PPB/S/9027,Status: Active,MjczMzc=,Wanjohi,Makori,wm@gmail.com31@gmail.com
4252,MICRAJ HEALTH CARE,RETAIL,PPB/M/9417,Status: Active,MjY1MDQ=,Damaris,Mwololo,dmwololo@gmail.com1@gmail.com
4252,MICRAJ HEALTH CARE,RETAIL,PPB/M/9417,Status: Active,MjY1MDQ=,Anyango,Gathogo,agathogo@gmail.com87@gmail.com
4252,MICRAJ HEALTH CARE,RETAIL,PPB/M/9417,Status: Active,MjY1MDQ=,Gabriel,Gakii,gg@gmail.com95@gmail.com
3986,MBUMAR VENTURES CHEMIST,RETAIL,PPB/M/9669,Status: Active,Mjg4ODc=,Godfrey,Muriuki,gmuriuki@gmail.com45@gmail.com
5014,OPANGAMED PHARMACY,RETAIL,PPB/O/404,Status: Active,MjY2Mjk=,Kanini,Sawe,kaninisawe@gmail.com52@gmail.com
5014,OPANGAMED PHARMACY,RETAIL,PPB/O/404,Status: Active,MjY2Mjk=,Billy,Kipchumba,billykipchumba@gmail.com40@gmail.com
5200,PHARMAPLUS PHARMACEUTICALS LTD- GIGIRI,RETAIL,PPB/P/3126,Status: Active,MjgwMzk=,Boaz,Apondi,boazapondi@gmail.com51@gmail.com
5200,PHARMAPLUS PHARMACEUTICALS LTD- GIGIRI,RETAIL,PPB/P/3126,Status: Active,MjgwMzk=,Vitalis,Wasike,vitaliswasike@gmail.com77@gmail.com
5503,RAVEKING PHARMACY,RETAIL,PPB/R/1328,Status: Active,Mjg4MDQ=,Kipkemoi,Mwakio,km@gmail.com75@gmail.com
7206,ZUBI CARE PHARMACY LTD,RETAIL,PPB/Z/1306,Status: Active,Mjg0NjA=,Teresiah,Muasya,teresiahmuasya@gmail.com73@gmail.com
3992,MCGREENS PHARMACY MAILI NNE,RETAIL,PPB/M/9743,Status: Active,Mjk3MTE=,Dan,Jumba,danjumba@gmail.com35@gmail.com
5665,RODSI HEALTH CARE LIMITED,RETAIL,PPB/R/1349,Status: Active,MjkzNzE=,Murimi,Wamalwa,murimiw@gmail.com96@gmail.com
5663,RODAN PHARMACY,RETAIL,PPB/R/1375,Status: Active,MzAyMjg=,Wambugu,Ambani,wambuguambani@gmail.com22@gmail.com
5568,RENEPHARM CHEMIST,RETAIL,PPB/R/1311,Status: Active,Mjg0MzI=,Michael,Mutuku,mmutuku@gmail.com32@gmail.com
5568,RENEPHARM CHEMIST,RETAIL,PPB/R/1311,Status: Active,Mjg0MzI=,Japheth,Muuo,japhethmuuo@gmail.com41@gmail.com
5588,RHOPHARM PHARMACEUTICALS,RETAIL,PPB/R/1382,Status: Active,MzA0Mzc=,Vivian,Chepngeno,vchepngeno@gmail.com66@gmail.com
5588,RHOPHARM PHARMACEUTICALS,RETAIL,PPB/R/1382,Status: Active,MzA0Mzc=,Abdisalam,Mbaka,abdisalammbaka@gmail.com83@gmail.com
5588,RHOPHARM PHARMACEUTICALS,RETAIL,PPB/R/1382,Status: Active,MzA0Mzc=,Waithira,Mucheru,wm@gmail.com95@gmail.com
5588,RHOPHARM PHARMACEUTICALS,RETAIL,PPB/R/1382,Status: Active,MzA0Mzc=,Joe,King'ori,jk@gmail.com56@gmail.com
5129,PENTAMED PHARMACY,RETAIL,PPB/P/4893,Status: Active,Mjk3ODY=,Muli,Chebet,mulic@gmail.com40@gmail.com
6120,SITET PHARMACEUTICALS,RETAIL,PPB/S/9225,Status: Active,MzAxMjM=,Winny,Kyalo,wk@gmail.com42@gmail.com
7159,ZAHRA CHEMIST LTD,RETAIL,PPB/Z/1316,Status: Active,Mjk1NTA=,Elizabeth,Daniel,ed@gmail.com41@gmail.com
5199,PHARMAPLUS PHARMACEUTICALS LTD- FOURWAYS,RETAIL,PPB/P/4855,Status: Active,Mjg4ODY=,Keith,Mzungu,keithm@gmail.com99@gmail.com
3758,MAJORCARE CHEMIST,RETAIL,PPB/M/9521,Status: Active,Mjc0NDk=,Samuel,Ngunjiri,sngunjiri@gmail.com6@gmail.com
4992,OLOSERIAN CHEMIST BISIL,RETAIL,PPB/O/1093,Status: Active,MjkwMjc=,Jerop,Mohamed,jeropm@gmail.com65@gmail.com
4992,OLOSERIAN CHEMIST BISIL,RETAIL,PPB/O/1093,Status: Active,MjkwMjc=,Jackline,Kinyanjui,jk@gmail.com17@gmail.com
4249,MICHA PHARMACY LIMITED,RETAIL,PPB/M/9566,Status: Active,Mjc3NzM=,Winnie,Issak,wissak@gmail.com86@gmail.com
4249,MICHA PHARMACY LIMITED,RETAIL,PPB/M/9566,Status: Active,Mjc3NzM=,Karen,Ndiritu,karenn@gmail.com59@gmail.com
4644,NAVUHI MEDICARE CHEMIST,RETAIL,PPB/N/1274,Status: Active,MjcwNTM=,Johnson,Nthiga,johnsonn@gmail.com50@gmail.com
7003,WELHUB  PHARMACY,RETAIL,PPB/W/7423,Status: Active,Mjc3NDM=,Duncan,Nasimiyu,dnasimiyu@gmail.com18@gmail.com
5589,RIAKANAU PHARMACY,RETAIL,PPB/R/1239,Status: Active,MjY3MTg=,Wamalwa,Jepkemboi,wamalwajepkemboi@gmail.com39@gmail.com
7096,WINSLOW CHEMIST,RETAIL,PPB/W/7415,Status: Active,MjczMDI=,Maurice,Jerotich,mauricejerotich@gmail.com88@gmail.com
5219,PHARMAPLUS PHARMACEUTICALS LTD-NAIROBI WEST,RETAIL,PPB/P/4890,Status: Active,Mjk3MzU=,Levis,Ekal,levisekal@gmail.com98@gmail.com
5219,PHARMAPLUS PHARMACEUTICALS LTD-NAIROBI WEST,RETAIL,PPB/P/4890,Status: Active,Mjk3MzU=,Issa,Muktar,imuktar@gmail.com37@gmail.com
5334,POINT MARK PHARMACEUTICAL LIMITED,RETAIL,PPB/P/4858,Status: Active,Mjg5NTk=,Joram,Nasambu,joramnasambu@gmail.com8@gmail.com
5346,PRAMAH PHARMACY LIMITED,RETAIL,PPB/P/3110,Status: Active,Mjc2OTc=,Amin,Mbaka,am@gmail.com35@gmail.com
5135,PERFECT HEALTH CHEMIST,RETAIL,PPB/P/4844,Status: Active,Mjg3MTg=,Okumu,Odongo,oodongo@gmail.com63@gmail.com
4901,NYAKOE CHEMISTS COMPANY LIMITED-NYAKOE,RETAIL,PPB/N/1251,Status: Active,MjYzNDM=,Chelangat,Mutio,chelangatmutio@gmail.com62@gmail.com
5355,PREMEDFEDHA  PHARMACY,RETAIL,PPB/P/4907,Status: Active,MzAxNjc=,Irungu,Nzilani,inzilani@gmail.com2@gmail.com
5355,PREMEDFEDHA  PHARMACY,RETAIL,PPB/P/4907,Status: Active,MzAxNjc=,Kimani,Oyoo,koyoo@gmail.com66@gmail.com
5006,ONE DIAL PHARMACY,RETAIL,PPB/O/1087,Status: Active,Mjg0NTc=,Thuo,Anyango,tanyango@gmail.com10@gmail.com
3886,MART HEALTH OPTIONS,RETAIL,PPB/M/9771,Status: Active,MzAyNDM=,Ibrahim,Warui,iwarui@gmail.com5@gmail.com
3772,MAKINI -PHARMACEUTICAL KIMBIBI,RETAIL,PPB/M/9621,Status: Active,Mjg0MzE=,Issa,Ngome,ingome@gmail.com30@gmail.com
3772,MAKINI -PHARMACEUTICAL KIMBIBI,RETAIL,PPB/M/9621,Status: Active,Mjg0MzE=,Solomon,Ndolo,sndolo@gmail.com76@gmail.com
6639,TOPMEDS SUPPLIES LIMITED,RETAIL,PPB/T/5787,Status: Active,MjkyNDA=,Anita,Ekiru,anitaekiru@gmail.com68@gmail.com
3794,MALIBU EPIC BUSINESS PARK MOMBASA,RETAIL,PPB/M/9477,Status: Active,MjY5NDk=,Amina,Syombua,asyombua@gmail.com29@gmail.com
6139,SKYLINE HEALTH - NDENDERU,RETAIL,PPB/S/9137,Status: Active,Mjg4NDQ=,Gerald,Gachoki,ggachoki@gmail.com34@gmail.com
6814,UNITED THERAPEUTIC PHARMACY LIMITED,RETAIL,PPB/U/9492,Status: Active,Mjg0MTg=,Gordon,Mbatha,gm@gmail.com30@gmail.com
4639,NATIONCARE PHARMACY,RETAIL,PPB/N/1584,Status: Active,MzAzNDc=,Debora,Mmboga,dm@gmail.com4@gmail.com
5617,RILEYS CHEMIST,RETAIL,PPB/R/1278,Status: Active,Mjc3MTQ=,Boniface,Duba,bduba@gmail.com90@gmail.com
5617,RILEYS CHEMIST,RETAIL,PPB/R/1278,Status: Active,Mjc3MTQ=,Cherop,Barongo,cbarongo@gmail.com54@gmail.com
6301,SUBEM CHEMIST,RETAIL,PPB/S/9207,Status: Active,Mjk5MTU=,Aisha,Cherono,aishac@gmail.com10@gmail.com
3840,MANKIND PHARMACY,RETAIL,PPB/M/9703,Status: Active,MjkyNzA=,Gordon,Waithaka,gordonw@gmail.com11@gmail.com
6155,SMART DREAMS CHEMISTS,RETAIL,PPB/S/9098,Status: Active,MjgxODA=,Zacharia,Kimanzi,zk@gmail.com30@gmail.com
6300,SUAM CHEMIST,RETAIL,PPB/S/9088,Status: Active,MjgwODE=,Phineas,Mmboga,phineasmmboga@gmail.com7@gmail.com
6300,SUAM CHEMIST,RETAIL,PPB/S/9088,Status: Active,MjgwODE=,Michelle,Mati,mm@gmail.com39@gmail.com
4097,MEDISAN MEDICAL CENTER,RETAIL,PPB/M/9702,Status: Active,MjkyNjE=,Tyson,Fondo,tysonf@gmail.com61@gmail.com
4566,NAEL CHEMIST,RETAIL,PPB/N/1278,Status: Active,MjcxMDE=,Eliud,Njue,eliudnjue@gmail.com51@gmail.com
4566,NAEL CHEMIST,RETAIL,PPB/N/1278,Status: Active,MjcxMDE=,Gift,Bakari,giftbakari@gmail.com2@gmail.com
4566,NAEL CHEMIST,RETAIL,PPB/N/1278,Status: Active,MjcxMDE=,Regina,Jepkorir,rjepkorir@gmail.com4@gmail.com
5471,RAMRONS PHARMACY,RETAIL,PPB/R/1274,Status: Active,Mjc1NjM=,Naomi,Kiio,naomik@gmail.com98@gmail.com
5281,PHARMWI PHARMACY,RETAIL,PPB/P/2236,Status: Active,MjcwNjc=,Ann,Aloo,anna@gmail.com54@gmail.com
4589,NAJMI CHEMIST,RETAIL,PPB/N/1582,Status: Active,MzAyMzA=,Jebet,Kosgei,jkosgei@gmail.com22@gmail.com
6228,SPENOK PHARMACY,RETAIL,PPB/S/9171,Status: Active,MjkzMjQ=,Milcah,Swaleh,milcahswaleh@gmail.com49@gmail.com
5320,PISGAH PHARMACEUTICALS,RETAIL,PPB/P/4839,Status: Active,Mjg2NDE=,Lydiah,Ngei,lydiahngei@gmail.com81@gmail.com
7037,WENDO CHEMIST,RETAIL,PPB/W/7433,Status: Active,Mjg1NzA=,Wamalwa,Martin,wmartin@gmail.com65@gmail.com
5115,PEKAMED CHEMIST,RETAIL,PPB/P/3105,Status: Active,Mjc1NTI=,Barasa,Muthengi,barasam@gmail.com19@gmail.com
5585,RHAPTA PHARMACY,RETAIL,PPB/R/1344,Status: Active,MjkyNjA=,Brian,Lemayian,bl@gmail.com52@gmail.com
5585,RHAPTA PHARMACY,RETAIL,PPB/R/1344,Status: Active,MjkyNjA=,Korir,Ng'ang'a,korirn@gmail.com55@gmail.com
4204,MENIA INVESTMENT LIMITED,RETAIL,PPB/M/9424,Status: Active,MjY1MTc=,Isaac,Makau,im@gmail.com55@gmail.com
3996,MED SPARCKLE PHARMACY,RETAIL,PPB/M/9622,Status: Active,Mjg0Mzc=,Shukri,David,sdavid@gmail.com81@gmail.com
3996,MED SPARCKLE PHARMACY,RETAIL,PPB/M/9622,Status: Active,Mjg0Mzc=,Abraham,Imali,aimali@gmail.com49@gmail.com
3818,MALTA CARE PHARMACY,RETAIL,PPB/M/9746,Status: Active,Mjk3NDg=,Hope,Kaberia,hopek@gmail.com36@gmail.com
3691,LYDIUS CHEMIST,RETAIL,PPB/L/9862,Status: Active,MzAwMDE=,Pius,Ngari,piusngari@gmail.com18@gmail.com
3691,LYDIUS CHEMIST,RETAIL,PPB/L/9862,Status: Active,MzAwMDE=,Ng'ang'a,Mulinge,ng'ang'am@gmail.com68@gmail.com
4109,MEDITEC E.A FAIRLIFE PHARMACY,RETAIL,PPB/M/9790,Status: Active,MzA1ODQ=,Jael,Nyakundi,jnyakundi@gmail.com80@gmail.com
5094,PAULGAB PHARMACY,RETAIL,PPB/P/4886,Status: Active,Mjk3MDU=,Musa,Kennedy,musak@gmail.com28@gmail.com
5094,PAULGAB PHARMACY,RETAIL,PPB/P/4886,Status: Active,Mjk3MDU=,Kipyegon,Sitienei,ks@gmail.com5@gmail.com
3754,MAJESTY PHARMACEUTICALS LIMITED,RETAIL,PPB/M/9555,Status: Active,Mjc2NjE=,Boniface,Nafuna,bnafuna@gmail.com79@gmail.com
5384,PROGYTOWN PHARMACY,RETAIL,PPB/P/2246,Status: TEMP_REVOK,MjcyODY=,Gibson,Mwiti,gmwiti@gmail.com49@gmail.com
4369,MONCLAIRE DISCOUNT PHARMACY,RETAIL,PPB/M/9712,Status: Active,MjkzNzQ=,Zacharia,Jepkorir,zjepkorir@gmail.com22@gmail.com
4369,MONCLAIRE DISCOUNT PHARMACY,RETAIL,PPB/M/9712,Status: Active,MjkzNzQ=,Marion,Lewa,marionl@gmail.com80@gmail.com
3667,LUIZ'S PHARMACEUTICAL,RETAIL,PPB/L/9828,Status: Active,Mjg5ODQ=,Kimani,Kipkemoi,kk@gmail.com81@gmail.com
5789,SABEJA CHEMIST,RETAIL,PPB/S/9180,Status: Active,Mjk0ODk=,Titus,Makori,tmakori@gmail.com28@gmail.com
5789,SABEJA CHEMIST,RETAIL,PPB/S/9180,Status: Active,Mjk0ODk=,Jeptoo,George,jeptoogeorge@gmail.com23@gmail.com
4303,MIPHENS SUPPLIERS LIMITED,RETAIL,PPB/M/9630,Status: Active,Mjg1MjA=,Makau,Ndirangu,makaun@gmail.com87@gmail.com
4303,MIPHENS SUPPLIERS LIMITED,RETAIL,PPB/M/9630,Status: Active,Mjg1MjA=,Austine,Moseti,austinemoseti@gmail.com38@gmail.com
5198,PHARMAPLUS PHARMACEUTICALS LTD- BBS MALL EASTLEIGH,RETAIL,PPB/P/4882,Status: Active,Mjk2NjI=,Jerop,Soi,jsoi@gmail.com29@gmail.com
6112,SIPILO CHEMIST-NANYUKI,RETAIL,PPB/S/9129,Status: Active,Mjg2MjQ=,Simon,Kioko,simonk@gmail.com56@gmail.com
4159,MEDSRUS LIMITED-PHARMACY,RETAIL,PPB/M/9484,Status: Active,MjcwMjg=,Evaline,Muthee,emuthee@gmail.com78@gmail.com
4159,MEDSRUS LIMITED-PHARMACY,RETAIL,PPB/M/9484,Status: Active,MjcwMjg=,Jack,Ndunge,jackn@gmail.com75@gmail.com
6217,SOUTHSHORE PHARMACY,RETAIL,PPB/S/9170,Status: Active,MjkyOTE=,Ahmed,Esinyen,ahmedesinyen@gmail.com79@gmail.com
4982,OLIVEPOINT CHEMIST,RETAIL,PPB/O/1080,Status: Active,MjgxOTg=,Jimmy,Bulle,jb@gmail.com14@gmail.com
4982,OLIVEPOINT CHEMIST,RETAIL,PPB/O/1080,Status: Active,MjgxOTg=,Sylivia,Noor,sylivianoor@gmail.com20@gmail.com
4982,OLIVEPOINT CHEMIST,RETAIL,PPB/O/1080,Status: Active,MjgxOTg=,Anna,Mutahi,amutahi@gmail.com26@gmail.com
6187,SOLUTION SAVANT,RETAIL,PPB/S/9233,Status: Active,MzAzMTg=,Stephene,Nduati,stephenenduati@gmail.com38@gmail.com
6187,SOLUTION SAVANT,RETAIL,PPB/S/9233,Status: Active,MzAzMTg=,Cherotich,Samuel,cherotichsamuel@gmail.com20@gmail.com
6187,SOLUTION SAVANT,RETAIL,PPB/S/9233,Status: Active,MzAzMTg=,Milkah,Opiyo,mopiyo@gmail.com55@gmail.com
5614,RIIRIPHARM CHEMIST,RETAIL,PPB/R/1292,Status: Active,MjgwMTk=,Annah,Changawa,annahc@gmail.com51@gmail.com
4264,MIDSTREET PHARMACY,RETAIL,PPB/M/9487,Status: REVOKED,MjcwNjg=,Chris,Omollo,chrisomollo@gmail.com73@gmail.com
6619,TOB - KNIGHT CHEMIST,RETAIL,PPB/T/5788,Status: Active,MjkyNDU=,Pius,Maranga,piusmaranga@gmail.com27@gmail.com
3656,LUCHAO PHARMACY,RETAIL,PPB/L/9858,Status: Active,Mjk4Mzg=,Pauline,Kipngeno,paulinekipngeno@gmail.com85@gmail.com
7186,ZEY PHARMACEUTICALS EASTLEIGH,RETAIL,PPB/Z/1313,Status: Active,MjkzMzY=,Boaz,Ramadhan,boazr@gmail.com17@gmail.com
6618,TMF PHARMACEUTICALS CO LTD,RETAIL,PPB/T/5778,Status: Active,Mjg5NzY=,Purity,Oyoo,purityo@gmail.com92@gmail.com
6618,TMF PHARMACEUTICALS CO LTD,RETAIL,PPB/T/5778,Status: Active,Mjg5NzY=,Joel,Jerop,joelj@gmail.com26@gmail.com
6917,VITAHEALTH PHARMACY,RETAIL,PPB/V/405,Status: Active,Mjg3OTI=,Cecilia,Kombo,ck@gmail.com26@gmail.com
6917,VITAHEALTH PHARMACY,RETAIL,PPB/V/405,Status: Active,Mjg3OTI=,Kibet,Nyabuti,knyabuti@gmail.com34@gmail.com
6917,VITAHEALTH PHARMACY,RETAIL,PPB/V/405,Status: Active,Mjg3OTI=,Deng,Mulwa,dm@gmail.com49@gmail.com
6917,VITAHEALTH PHARMACY,RETAIL,PPB/V/405,Status: Active,Mjg3OTI=,Njeru,Nduati,njerun@gmail.com59@gmail.com
6644,TOPWAY  CHEMIST,RETAIL,PPB/T/5650,Status: Active,MjYzMTQ=,Shadrack,Wainaina,swainaina@gmail.com41@gmail.com
5560,REMION DRUG STORE,RETAIL,PPB/R/1368,Status: Active,Mjk4NzI=,Michelle,Kobia,mkobia@gmail.com33@gmail.com
5560,REMION DRUG STORE,RETAIL,PPB/R/1368,Status: Active,Mjk4NzI=,Bridgit,Oginga,bridgitoginga@gmail.com19@gmail.com
5164,PHARMA PILL,RETAIL,PPB/P/2234,Status: Active,MjcwNTg=,Gedion,Awadh,ga@gmail.com34@gmail.com
3481,LENATA PHARMACY,RETAIL,PPB/L/9873,Status: Active,MzAyNDQ=,Kenneth,Wanje,kennethw@gmail.com74@gmail.com
3481,LENATA PHARMACY,RETAIL,PPB/L/9873,Status: Active,MzAyNDQ=,Rita,Murage,ritamurage@gmail.com2@gmail.com
4389,MOROGO CHEMIST,RETAIL,PPB/M/9453,Status: Active,MjY3Mjk=,Daniel,Muchemi,dm@gmail.com21@gmail.com
4831,NJOLINGA CHEMIST SOUTH B,RETAIL,PPB/N/1551,Status: Active,Mjk0NTU=,Walter,Abdullahi,wabdullahi@gmail.com26@gmail.com
6501,THE CEE PHARMACY,RETAIL,PPB/T/5678,Status: Active,MjY3ODE=,Johnstone,Oduori,joduori@gmail.com52@gmail.com
6501,THE CEE PHARMACY,RETAIL,PPB/T/5678,Status: Active,MjY3ODE=,Valentine,Kawira,vk@gmail.com47@gmail.com
5187,PHARMAPLUS PHARMACEUTICAL-KILIFI,RETAIL,PPB/P/2205,Status: Active,MjYzMTA=,Reagan,Muthoka,reaganm@gmail.com80@gmail.com
5187,PHARMAPLUS PHARMACEUTICAL-KILIFI,RETAIL,PPB/P/2205,Status: Active,MjYzMTA=,Shamsa,Shikuku,sshikuku@gmail.com98@gmail.com
5944,SCANDIC PHARMACY LIMITED,RETAIL,PPB/S/9172,Status: REVOKED,MjkzNDU=,Bryan,Nderitu,bnderitu@gmail.com3@gmail.com
6451,TAZON CHEMIST,RETAIL,PPB/T/5717,Status: Active,Mjc1NjE=,Micah,Nyokabi,mn@gmail.com75@gmail.com
3578,LINCOLN AND SONS PHARMACY,RETAIL,PPB/L/9859,Status: Active,Mjk4ODE=,Amin,Jelagat,aminj@gmail.com8@gmail.com
3722,MACHPHARM CHEMIST,RETAIL,PPB/M/9593,Status: Active,MjgxODk=,Aden,Munywoki,amunywoki@gmail.com33@gmail.com
4442,MUHA   CHEMIST,RETAIL,PPB/M/9441,Status: Active,MjY2NDA=,Korir,Adhiambo,kadhiambo@gmail.com20@gmail.com
4442,MUHA   CHEMIST,RETAIL,PPB/M/9441,Status: Active,MjY2NDA=,Kipkemoi,Ndolo,kndolo@gmail.com99@gmail.com
5213,PHARMAPLUS PHARMACEUTICALS LTD-COMET HOUSE,RETAIL,PPB/P/4891,Status: Active,Mjk3NDY=,Kilonzo,Jeptoo,kj@gmail.com66@gmail.com
5053,PACIFIC PHARMACY,RETAIL,PPB/P/2245,Status: Active,MjcyNDg=,Cosmas,Hillow,cosmash@gmail.com56@gmail.com
7067,WHITPRU CHEMIST,RETAIL,PPB/W/7405,Status: Active,MjY5OTQ=,Fatma,Muasya,fmuasya@gmail.com40@gmail.com
5621,RINEYMED SOLUTIONS LTD,RETAIL,PPB/R/1305,Status: Active,MjgyODU=,Steven,Ntinyari,sntinyari@gmail.com67@gmail.com
3644,LORAN PHARMACY,RETAIL,PPB/L/9834,Status: REVOKED,MjkxMDg=,Patrick,Gatimu,pgatimu@gmail.com33@gmail.com
3644,LORAN PHARMACY,RETAIL,PPB/L/9834,Status: REVOKED,MjkxMDg=,Dismas,Mugendi,dismasmugendi@gmail.com19@gmail.com
6745,TULAMART PHARMACEUTICAL LTD,RETAIL,PPB/T/5743,Status: Active,MjgwMDk=,Collince,Charles,ccharles@gmail.com76@gmail.com
5596,RICHPAM PHARMACY,RETAIL,PPB/R/1289,Status: Active,Mjc5ODY=,Farah,Kitsao,farahkitsao@gmail.com80@gmail.com
3736,MAGENTA PHARMACY,RETAIL,PPB/M/9688,Status: Active,MjkwOTQ=,Abigael,Wamaitha,awamaitha@gmail.com37@gmail.com
7207,ZUENARUSH PHARMACY,RETAIL,PPB/Z/1152,Status: Active,MjY2MjE=,Weldon,Omondi,womondi@gmail.com78@gmail.com
3956,MAXLAB CHEMIST & AGROVET LTD,RETAIL,PPB/M/9429,Status: Active,MjY1NTI=,Suleiman,Kivuva,skivuva@gmail.com18@gmail.com
5842,SALAMA NDANI,RETAIL,PPB/S/9043,Status: Active,Mjc1MjE=,Mary,Masha,marym@gmail.com51@gmail.com
5842,SALAMA NDANI,RETAIL,PPB/S/9043,Status: Active,Mjc1MjE=,Racheal,Kaimenyi,rachealkaimenyi@gmail.com74@gmail.com
5842,SALAMA NDANI,RETAIL,PPB/S/9043,Status: Active,Mjc1MjE=,Dorcus,Opondo,dorcuso@gmail.com90@gmail.com
6782,TYPHARM PHARMACY,RETAIL,PPB/T/5779,Status: Active,Mjg5Nzc=,Dorcus,Omari,dorcusomari@gmail.com62@gmail.com
7199,ZOE LIFE CHEMIST LIMITED,RETAIL,PPB/Z/1314,Status: Active,Mjk0ODE=,Muema,Mutungi,muemamutungi@gmail.com29@gmail.com
7199,ZOE LIFE CHEMIST LIMITED,RETAIL,PPB/Z/1314,Status: Active,Mjk0ODE=,Evance,Thuranira,evancet@gmail.com1@gmail.com
6299,STRIVE PHARMARCY,RETAIL,PPB/S/9068,Status: Active,Mjc4MDc=,Onesmus,Mwita,onesmusmwita@gmail.com28@gmail.com
5778,RXEPERTS PHARMACY LTD,RETAIL,PPB/R/1228,Status: Active,MjY0ODc=,Josiah,Chai,jc@gmail.com68@gmail.com
6059,SHIVLING PHARMACEUTICAL LIMITED KISII,RETAIL,PPB/S/9163,Status: Active,MjkxNTQ=,Mungai,Khaemba,mk@gmail.com46@gmail.com
4844,NOBLE LITE PHARMACEUTICALS,RETAIL,PPB/N/1532,Status: Active,MjkxMjY=,Rita,Mwikali,rmwikali@gmail.com46@gmail.com
4844,NOBLE LITE PHARMACEUTICALS,RETAIL,PPB/N/1532,Status: Active,MjkxMjY=,Samuel,Githinji,sgithinji@gmail.com2@gmail.com
3661,"LUCYPHARM CHEMIST,",RETAIL,PPB/L/9871,Status: Active,MzAyMTM=,Sumeya,Nyokabi,sumeyanyokabi@gmail.com60@gmail.com
4348,MOHAME HABIB PHARMAMED LTD,RETAIL,PPB/M/9639,Status: REVOKED,Mjg1OTE=,Sally,Musembi,sm@gmail.com9@gmail.com
4348,MOHAME HABIB PHARMAMED LTD,RETAIL,PPB/M/9639,Status: REVOKED,Mjg1OTE=,Penina,Mutindi,pmutindi@gmail.com80@gmail.com
6075,SIDEHILL PHARMACY,RETAIL,PPB/S/8991,Status: Active,MjY4MTY=,Charity,Baraza,cb@gmail.com20@gmail.com
5299,PHOGRETA PHARMACEUTICALS LIMITED,RETAIL,PPB/P/4868,Status: Active,MjkyNjc=,Nzioka,Kurui,nziokak@gmail.com76@gmail.com
5299,PHOGRETA PHARMACEUTICALS LIMITED,RETAIL,PPB/P/4868,Status: Active,MjkyNjc=,Bilha,Chelagat,bchelagat@gmail.com68@gmail.com
7128,YACKOS CHEMIST KAKAMEGA,RETAIL,PPB/Y/69,Status: Active,Mjk4MTY=,Immaculate,Wesonga,iw@gmail.com42@gmail.com
3452,LEE PHARMACEUTICALS,RETAIL,PPB/L/928,Status: Active,MjY0NDY=,Mutuku,Naliaka,mutukun@gmail.com4@gmail.com
4895,NYABORO PHARMACY,RETAIL,PPB/N/1545,Status: Active,MjkyOTA=,Rita,Kenga,ritak@gmail.com50@gmail.com
4895,NYABORO PHARMACY,RETAIL,PPB/N/1545,Status: Active,MjkyOTA=,Denis,Cheptoo,dcheptoo@gmail.com25@gmail.com
6703,TREVYION ENTERPRISE  LIMITED-ELDORET,RETAIL,PPB/T/5847,Status: Active,MzA1Nzk=,Wambugu,Toroitich,wambugut@gmail.com18@gmail.com
5201,PHARMAPLUS PHARMACEUTICALS LTD- IMAARA MALL,RETAIL,PPB/P/3128,Status: Active,MjgwNDE=,Nyaboke,Kilonzo,nyabokek@gmail.com61@gmail.com
5214,PHARMAPLUS PHARMACEUTICALS LTD-KERARAPON KAREN,RETAIL,PPB/P/2242,Status: Active,MjcxNzQ=,Elizabeth,Okuku,elizabetho@gmail.com29@gmail.com
5214,PHARMAPLUS PHARMACEUTICALS LTD-KERARAPON KAREN,RETAIL,PPB/P/2242,Status: Active,MjcxNzQ=,Langat,Ndung'u,langatn@gmail.com75@gmail.com
4834,NJORO MEDIRISE PHARMARCY,RETAIL,PPB/N/1529,Status: Active,MjkxMTY=,Noor,Wabwile,nw@gmail.com89@gmail.com
4834,NJORO MEDIRISE PHARMARCY,RETAIL,PPB/N/1529,Status: Active,MjkxMTY=,Frankline,Murimi,franklinemurimi@gmail.com97@gmail.com
4834,NJORO MEDIRISE PHARMARCY,RETAIL,PPB/N/1529,Status: Active,MjkxMTY=,Jerop,Muthuri,jm@gmail.com82@gmail.com
5595,RIBSOBON PHARMACY LTD-KIMUMU,RETAIL,PPB/R/1374,Status: Active,MzAxNzI=,Phelix,Njeri,phelixnjeri@gmail.com9@gmail.com
4867,NORTHLINK HEALTH SOLUTIONS,RETAIL,PPB/N/1298,Status: Active,MjczOTM=,Jepkosgei,Wanyoike,jepkosgeiwanyoike@gmail.com49@gmail.com
4867,NORTHLINK HEALTH SOLUTIONS,RETAIL,PPB/N/1298,Status: Active,MjczOTM=,Stella,Mukoya,stellam@gmail.com6@gmail.com
6911,VIREM PHARMA PLUS,RETAIL,PPB/V/399,Status: Active,Mjg1MTQ=,Chepkorir,Muhonja,cmuhonja@gmail.com7@gmail.com
6932,VONTAN PHARMACY KAKAMEGA,RETAIL,PPB/V/423,Status: Active,Mjk5NjM=,Elosy,Fondo,efondo@gmail.com5@gmail.com
3675,LUMWA PHARMACY,RETAIL,PPB/L/9799,Status: Active,MjgwMjY=,Emma,Iminza,eiminza@gmail.com19@gmail.com
5716,ROSEMED CHEMIST,RETAIL,PPB/R/1276,Status: Active,Mjc2NDY=,Hashim,Chacha,hc@gmail.com30@gmail.com
4177,MEGA TIBA CHEMISTS,RETAIL,PPB/M/9536,Status: Active,Mjc1MjU=,Mercy,Ngaruiya,mngaruiya@gmail.com17@gmail.com
4177,MEGA TIBA CHEMISTS,RETAIL,PPB/M/9536,Status: Active,Mjc1MjU=,Kenedy,Munguti,kmunguti@gmail.com78@gmail.com
6971,WANARUONA PHARMACY.,RETAIL,PPB/W/7444,Status: Active,MjkxODA=,Rono,Mitei,rm@gmail.com77@gmail.com
6278,STAWI PHARMACY,RETAIL,PPB/S/9213,Status: Active,Mjk5OTM=,Muiruri,Kiboi,mk@gmail.com63@gmail.com
3471,LELITA PHARMACEUTICAL LTD,RETAIL,PPB/L/9835,Status: Active,MjkxMjA=,Eliud,Kalekye,ekalekye@gmail.com12@gmail.com
3471,LELITA PHARMACEUTICAL LTD,RETAIL,PPB/L/9835,Status: Active,MjkxMjA=,Okello,Bare,ob@gmail.com67@gmail.com
5971,SEMULAR PHARMACY,RETAIL,PPB/S/1755,Status: Active,MjYyNzQ=,Laura,Mwololo,lm@gmail.com52@gmail.com
5971,SEMULAR PHARMACY,RETAIL,PPB/S/1755,Status: Active,MjYyNzQ=,Patrick,Kariuki,pkariuki@gmail.com70@gmail.com
7129,YAFE PHARMCARE,RETAIL,PPB/Y/65,Status: Active,MjgxMjQ=,Abdirahman,Ombati,aombati@gmail.com74@gmail.com
7129,YAFE PHARMCARE,RETAIL,PPB/Y/65,Status: Active,MjgxMjQ=,Musa,Lewa,ml@gmail.com91@gmail.com
7129,YAFE PHARMCARE,RETAIL,PPB/Y/65,Status: Active,MjgxMjQ=,Abednego,Evans,aevans@gmail.com63@gmail.com
5923,SARAM PHARMACY LIMITED,RETAIL,PPB/S/1770,Status: Active,MjY0NzA=,Njoroge,Muthoka,nm@gmail.com13@gmail.com
4646,NAYAH PHARMACY,RETAIL,PPB/N/1567,Status: Active,Mjk4MDQ=,Douglas,Kipkosgei,dkipkosgei@gmail.com36@gmail.com
5314,PINMARK CHEMIST,RETAIL,PPB/P/4852,Status: Active,Mjg4NTk=,Debora,Koome,deborak@gmail.com82@gmail.com
6697,TREASURE LIFE PHARMACY LTD,RETAIL,PPB/T/5804,Status: Active,Mjk1NzU=,Aftin,Gichana,agichana@gmail.com60@gmail.com
5111,PECCA PHARMACY,RETAIL,PPB/P/4835,Status: Active,Mjg0Nzk=,Belinda,Munene,belindam@gmail.com54@gmail.com
5111,PECCA PHARMACY,RETAIL,PPB/P/4835,Status: Active,Mjg0Nzk=,Naima,Jomo,njomo@gmail.com99@gmail.com
6690,TRANSPAN CHEMIST - PRIME,RETAIL,PPB/T/5812,Status: Active,Mjk4MzY=,Kassim,Kithinji,kassimkithinji@gmail.com67@gmail.com
5582,REYCS PHARMACEUTICAL LIMITED,RETAIL,PPB/R/1347,Status: Active,MjkzNDc=,Carol,Mitei,cmitei@gmail.com2@gmail.com
5582,REYCS PHARMACEUTICAL LIMITED,RETAIL,PPB/R/1347,Status: Active,MjkzNDc=,Ezra,Jama,ezraj@gmail.com57@gmail.com
4178,MEGACHEM CHEMIST,RETAIL,PPB/M/9636,Status: Active,Mjg1NzI=,Lorna,Muktar,lornam@gmail.com87@gmail.com
3683,LUSHVILLE PHARMACY,RETAIL,PPB/L/9878,Status: Active,MzAzOTI=,Mulongo,Kassim,mkassim@gmail.com33@gmail.com
6000,SHAMMAH CARE CHEMIST,RETAIL,PPB/S/9037,Status: Active,Mjc0NjU=,Kipyegon,Nyaboke,kipyegonnyaboke@gmail.com61@gmail.com
6000,SHAMMAH CARE CHEMIST,RETAIL,PPB/S/9037,Status: Active,Mjc0NjU=,Emmanuel,Kombo,emmanuelk@gmail.com60@gmail.com
6652,TOUCHSTONE PHARMACEUTICALS LTD- BROADWALK,RETAIL,PPB/T/5802,Status: Active,Mjk1NTg=,Obed,Wawire,owawire@gmail.com36@gmail.com
6652,TOUCHSTONE PHARMACEUTICALS LTD- BROADWALK,RETAIL,PPB/T/5802,Status: Active,Mjk1NTg=,Glory,Nyawira,gnyawira@gmail.com8@gmail.com
6652,TOUCHSTONE PHARMACEUTICALS LTD- BROADWALK,RETAIL,PPB/T/5802,Status: Active,Mjk1NTg=,Stellah,Kiprop,sk@gmail.com11@gmail.com
4908,NYAMASA PHARMACY,RETAIL,PPB/N/1542,Status: Active,MjkyNDg=,Muktar,Kimanthi,mk@gmail.com97@gmail.com
5512,RAYCOS ENTERPRISE LTD-SOUTH B,RETAIL,PPB/R/1370,Status: Active,Mjk4OTU=,Gilbert,Barongo,gilbertb@gmail.com7@gmail.com
4120,MEDLEY TUMAINI CHEMISTS LTD-RDH,RETAIL,PPB/M/9504,Status: Active,MjcyMTg=,Priscilla,Mbuvi,priscillambuvi@gmail.com64@gmail.com
4120,MEDLEY TUMAINI CHEMISTS LTD-RDH,RETAIL,PPB/M/9504,Status: Active,MjcyMTg=,Tabitha,Ndiwa,tabithan@gmail.com11@gmail.com
4120,MEDLEY TUMAINI CHEMISTS LTD-RDH,RETAIL,PPB/M/9504,Status: Active,MjcyMTg=,Kiplangat,Kithome,kkithome@gmail.com62@gmail.com
4513,MVERA PHARMACY KIBARANI,RETAIL,PPB/M/9664,Status: Active,Mjg4Mjg=,Seth,Koech,sk@gmail.com12@gmail.com
3727,MADHACHO PHARMACY,RETAIL,PPB/M/9666,Status: Active,Mjg4NDY=,Sheila,Maranga,smaranga@gmail.com12@gmail.com
6735,TRUE WORTH PHARMACY LTD,RETAIL,PPB/T/5820,Status: Active,MzAwMTk=,Mukami,Wangeci,mukamiwangeci@gmail.com44@gmail.com
6502,THE DEWLAND PHARMACY,RETAIL,PPB/T/5775,Status: Active,Mjg5MTE=,Fred,Muraguri,fm@gmail.com28@gmail.com
6502,THE DEWLAND PHARMACY,RETAIL,PPB/T/5775,Status: Active,Mjg5MTE=,Fardosa,Otieno,fardosao@gmail.com7@gmail.com
6431,TARBUSH,RETAIL,PPB/T/5805,Status: Active,Mjk1Nzk=,Milcah,Murugi,mm@gmail.com75@gmail.com
7162,ZANEPHARM CHEMIST,RETAIL,PPB/Z/1315,Status: Active,Mjk1NDg=,Laban,Maritim,labanm@gmail.com1@gmail.com
7162,ZANEPHARM CHEMIST,RETAIL,PPB/Z/1315,Status: Active,Mjk1NDg=,Aftin,Oyugi,aftino@gmail.com15@gmail.com
3606,LIVAI CHEMIST,RETAIL,PPB/L/9769,Status: Active,MjcxNDI=,Jonathan,Korir,jkorir@gmail.com19@gmail.com
3709,MAASUSWA CHEMISTS,RETAIL,PPB/M/9473,Status: Active,MjY5MTU=,Magdalene,Kabui,mk@gmail.com51@gmail.com
3748,MAINSTREET PHARMACY,RETAIL,PPB/M/9782,Status: Active,MzA0ODc=,Jepkoech,Muriungi,jm@gmail.com99@gmail.com
5009,ONECHEM PHARMACY LIMITED,RETAIL,PPB/O/1064,Status: Active,MjcxNTM=,Melvine,Ramadhan,melviner@gmail.com79@gmail.com
5009,ONECHEM PHARMACY LIMITED,RETAIL,PPB/O/1064,Status: Active,MjcxNTM=,Wainaina,Langat,wainainal@gmail.com94@gmail.com
5633,RITE DRUG  CHEMIST,RETAIL,PPB/R/1361,Status: Active,Mjk3MDY=,Hashim,Peter,hashimpeter@gmail.com53@gmail.com
4502,MUSEO SOLUTIONS PHARMACY,RETAIL,PPB/M/9741,Status: Active,Mjk3MDA=,Lorine,Ndunge,lndunge@gmail.com68@gmail.com
5767,RUNPHARM CHEMIST,RETAIL,PPB/R/1255,Status: Active,MjcyMDc=,Michael,Atieno,michaelatieno@gmail.com60@gmail.com
3837,MANGAPHARM ATHI CHEMIST,RETAIL,PPB/M/9633,Status: Active,Mjg1NTM=,Maria,Mboya,mm@gmail.com69@gmail.com
4739,NEWBIRTH CHEMIST,RETAIL,PPB/N/1539,Status: Active,MjkyMDc=,Alvin,Mulongo,alvinmulongo@gmail.com99@gmail.com
4739,NEWBIRTH CHEMIST,RETAIL,PPB/N/1539,Status: Active,MjkyMDc=,Lindah,Ombasa,lindaho@gmail.com46@gmail.com
3617,LIYOH PHARMACY,RETAIL,PPB/L/9855,Status: Active,Mjk3MjQ=,Samwel,Mulongo,smulongo@gmail.com74@gmail.com
5212,PHARMAPLUS PHARMACEUTICALS LTD-CHAKA,RETAIL,PPB/P/4889,Status: Active,Mjk3MzQ=,Brian,Chepkirui,bc@gmail.com64@gmail.com
5529,REENLAND PHARMACY LIMITED,RETAIL,PPB/R/1280,Status: Active,Mjc3Mjk=,Brigid,Mzungu,brigidmzungu@gmail.com82@gmail.com
6594,TIGRIS PHARMACY,RETAIL,PPB/T/5707,Status: Active,MjczMTY=,Godwin,Ombui,go@gmail.com3@gmail.com
5868,SAMANI PHARNACEUTICALS LIMITED,RETAIL,PPB/S/9016,Status: Active,MjcyMTQ=,Collins,Wangai,collinsw@gmail.com49@gmail.com
5808,SAGANA- SMARTLINK PHARMACEUTICALS,RETAIL,PPB/S/9189,Status: Active,Mjk2Nzg=,Ryan,Orina,ro@gmail.com55@gmail.com
5990,SHAHEAL PHARMACY,RETAIL,PPB/S/9210,Status: Active,Mjk5NjE=,Tyson,Simiyu,ts@gmail.com24@gmail.com
3810,MALINDI AMAZ PHARMACY,RETAIL,PPB/M/9730,Status: Active,Mjk1OTM=,Hope,Kamau,hk@gmail.com78@gmail.com
4762,NICEHEAL PHARMACY-MWIKI,RETAIL,PPB/N/1488,Status: Active,Mjc4NTU=,Dismas,Gathogo,dg@gmail.com66@gmail.com
4431,MUANJU PHARMACEUTICAL LIMITED,RETAIL,PPB/M/9503,Status: Active,MjcyMTc=,Steven,Muchangi,stevenm@gmail.com73@gmail.com
4407,MOUBIET INVESTMENT,RETAIL,PPB/M/9724,Status: Active,Mjk1MDE=,Masinde,Mwongela,masindem@gmail.com88@gmail.com
4407,MOUBIET INVESTMENT,RETAIL,PPB/M/9724,Status: Active,Mjk1MDE=,Jemutai,Emmanuel,je@gmail.com47@gmail.com
4490,MURENO PHARMCHEM,RETAIL,PPB/M/9700,Status: Active,MjkyNDM=,Mueni,Wairimu,mueniw@gmail.com91@gmail.com
5255,PHARMATECA CHEMIST LIMITED,RETAIL,PPB/P/2198,Status: Active,MjYyMDE=,Mohammed,Jillo,mjillo@gmail.com73@gmail.com
5255,PHARMATECA CHEMIST LIMITED,RETAIL,PPB/P/2198,Status: Active,MjYyMDE=,Samira,Kaingu,samirak@gmail.com57@gmail.com
5598,RICKLEODS PHARMACEUTICAL RUAKA,RETAIL,PPB/R/1304,Status: Active,MjgyODQ=,Kimani,Kananu,kkananu@gmail.com86@gmail.com
5598,RICKLEODS PHARMACEUTICAL RUAKA,RETAIL,PPB/R/1304,Status: Active,MjgyODQ=,Stanley,Maloba,stanleym@gmail.com16@gmail.com
6089,SILOR HEALTHCARE SERVICES,RETAIL,PPB/S/9201,Status: Active,Mjk4NDA=,Onyango,Juma,ojuma@gmail.com11@gmail.com
6089,SILOR HEALTHCARE SERVICES,RETAIL,PPB/S/9201,Status: Active,Mjk4NDA=,Mumo,Ng'ang'a,mumon@gmail.com78@gmail.com
5717,ROSENAH PHARMACY,RETAIL,PPB/R/1254,Status: Active,MjcxNzA=,Omar,Muhumed,omarm@gmail.com77@gmail.com
5717,ROSENAH PHARMACY,RETAIL,PPB/R/1254,Status: Active,MjcxNzA=,Zipporah,Kariuki,zkariuki@gmail.com27@gmail.com
5611,RIELMED GIAKANJA CHEMIST,RETAIL,PPB/R/1318,Status: Active,Mjg2MTc=,Angela,Jeruto,angelaj@gmail.com12@gmail.com
3579,LINCPHARM CHEMIST,RETAIL,PPB/L/9839,Status: Active,MjkyMTM=,Kemboi,Murigi,kmurigi@gmail.com15@gmail.com
7095,WINSCARE CHEMIST,RETAIL,PPB/W/7456,Status: Active,Mjk4Nzg=,Penina,Okoth,pokoth@gmail.com24@gmail.com
6793,ULTRACEUTICALS PHARMACY,RETAIL,PPB/U/9502,Status: Active,Mjk5NTM=,Athman,Wangare,athmanwangare@gmail.com97@gmail.com
6459,TELEPHARMA CHEMIST,RETAIL,PPB/T/5806,Status: Active,Mjk2NTI=,Jemimah,Eregae,jeregae@gmail.com11@gmail.com
